Sheet,nome,status,Answer-status,PASS&FAIL,Status Wrong,Answer-Status Wrong,PASS&FAIL,Name,Answer-Name,PASS&FAIL,Name Wrong,A - Name Wrong,PASS&FAIL,Name Wrong-Minor Mistake,A - Name Wrong-Minor Mistake,PASS&FAIL,Name Wrong-Major Mistake,A - Name Wrong-Major Mistake,PASS&FAIL,Name Wrong-Others,A - Name Wrong-Others,PASS&FAIL,Address,A - Address,PASS&FAIL,Address Wrong,Address Wrong,PASS&FAIL,Address Wrong-Word Missing,Address Wrong-Word Missing,PASS&FAIL,Address Wrong-Minor Mistake,Address Wrong-Minor Mistake,PASS&FAIL,Address Wrong-Major Mistake,Address Wrong-Major Mistake,PASS&FAIL,Category,A - Category,PASS&FAIL,Category Wrong,Category Wrong,PASS&FAIL,Business Hour,A - Business Hour,PASS&FAIL,Tel,A - Tel,PASS&FAIL,Final result,"After Appeal
(Rodrigo)",APPEAL,Reason
Day1,"HIDRONEWS REDENTORATravessa Inácio Egea, Vila Bancária, São José do Rio Preto, São José do Rio Preto, Região Imediata de São José do Rio Preto, Região Geográfica Intermediária de São José do Rio Preto, São Paulo, Região Sudeste, 15015-205, BrasilopenShopping, Sporting Goods Store, Swimming Pool Supply Store",UV,UV,PASS,null,null,PASS,Correct,Correct,PASS,null,null,PASS,null,null,PASS,null,null,PASS,null,null,PASS,Wrong,Wrong,PASS,"[""Minor Mistake"",""Major Mistake"",""Word Missing""]","[""Word Missing"",""Minor Mistake"",""Major Mistake""]",FAIL,"[""Missing House Number""]","[""Missing House Number""]",PASS,"[""Other Information"",""Repetition""]","[""Repetition"",""Other Information""]",FAIL,"[""Wrong Road Name""]","[""Wrong Road Name""]",PASS,Correct,Correct,PASS,null,null,PASS,UV,UV,PASS,Correct,Correct,PASS,Fail,Right,Yes,Address
Day1,"Cartão de Todos - Nova IguaçuRua Coronel Bernardino de Melo - 2201, Rua Coronel Bernardino de Melo, Centro, Nova Iguaçu, Região Metropolitana do Rio de Janeiro, Região Geográfica Intermediária do Rio de Janeiro, Rio de Janeiro, Região Sudeste, 26210-000, BrasilopenOffice and Industrial, Company",UV,UV,PASS,null,null,PASS,Correct,Correct,PASS,null,null,PASS,null,null,PASS,null,null,PASS,null,null,PASS,Wrong,Wrong,PASS,"[""Minor Mistake"",""Word Missing""]","[""Word Missing"",""Minor Mistake""]",FAIL,"[""Missing Floor/Room Number""]","[""Missing Floor/Room Number""]",PASS,"[""Repetition"",""Other Information""]","[""Repetition"",""Other Information""]",PASS,null,null,PASS,Correct,Correct,PASS,null,null,PASS,Wrong,Wrong,PASS,Correct,Correct,PASS,Fail,Right,Yes,Address
Day1,"VTA FERRAMENTASNovo São Joaquim, Região Geográfica Imediata de Barra do Garças, Região Geográfica Intermediária de Barra do Garças, Mato Grosso, Região Centro-Oeste, BrasilopenShopping, Construction Supplies Store, Hardware Store",Wrong,UV,FAIL,Permanently Closed,null,FAIL,Correct,Correct,PASS,null,null,PASS,null,null,PASS,null,null,PASS,null,null,PASS,Wrong,Wrong,PASS,"[""Minor Mistake"",""Word Missing"",""Major Mistake""]","[""Word Missing"",""Minor Mistake"",""Major Mistake""]",FAIL,"[""Missing Road Name"",""Missing House Number"",""Missing Province/City/District/Town""]","[""Missing Province/City/District/Town"",""Missing Road Name"",""Missing House Number""]",FAIL,"[""Other Information""]","[""Other Information""]",PASS,"[""Wrong Province/City/District/Town""]","[""Wrong Province/City/District/Town""]",PASS,Correct,Correct,PASS,null,null,PASS,null,UV,FAIL,Correct,Correct,PASS,Fail,Fail,Yes,"Status,Address"
Day1,"Selma Teixeira de MirandaAvenida Engenheiro Assis Ribeiro, Marechal Hermes, Zona Norte do Rio de Janeiro, Região Geográfica Imediata do Rio de Janeiro, Região Metropolitana do Rio de Janeiro, Região Geográfica Intermediária do Rio de Janeiro, Rio de Janeiro, Região Sudeste, 21610-210, BrasilopenHealth, Mental Health Service, Psychologist",Correct,Correct,PASS,null,null,PASS,Correct,Correct,PASS,null,null,PASS,null,null,PASS,null,null,PASS,null,null,PASS,Wrong,Wrong,PASS,"[""Minor Mistake"",""Major Mistake"",""Word Missing""]","[""Word Missing"",""Minor Mistake"",""Major Mistake""]",FAIL,"[""Missing House Number"",""Missing Floor/Room Number""]","[""Missing House Number"",""Missing Floor/Room Number""]",PASS,"[""Other Information""]","[""Other Information""]",PASS,"[""Wrong Road Name""]","[""Wrong Road Name""]",PASS,Correct,Correct,PASS,null,null,PASS,UV,UV,PASS,Correct,Correct,PASS,Fail,Right,Yes,Address
Day1,"AL. Game CellAvenida Automóvel Clube, Redentor, Belford Roxo, Região Geográfica Imediata do Rio de Janeiro, Região Metropolitana do Rio de Janeiro, Região Geográfica Intermediária do Rio de Janeiro, Rio de Janeiro, Região Sudeste, 26196030, BrasilopenOther POI",UV,UV,PASS,null,null,PASS,Correct,Correct,PASS,null,null,PASS,null,null,PASS,null,null,PASS,null,null,PASS,UV,UV,PASS,null,null,PASS,null,null,PASS,null,null,PASS,null,null,PASS,Wrong,Wrong,PASS,"[""L1 Wrong""]","[""L1 Wrong""]",PASS,UV,UV,PASS,Correct,Correct,PASS,Right,Right,No,
Day1,"Clínica Saúde PopularRua Bartolomeu de Gusmão, Canudos, Novo Hamburgo, Novo Hamburgo, Região Geográfica Imediata de Novo Hamburgo - São Leopoldo, Região Metropolitana de Porto Alegre, Região Geográfica Intermediária de Porto Alegre, Rio Grande do Sul, Região Sul, 93542-030, BrasilopenHealth, Clinic",Correct,UV,FAIL,null,null,PASS,Correct,Correct,PASS,null,null,PASS,null,null,PASS,null,null,PASS,null,null,PASS,Wrong,Wrong,PASS,"[""Minor Mistake"",""Word Missing""]","[""Word Missing"",""Minor Mistake""]",FAIL,"[""Missing House Number""]","[""Missing House Number""]",PASS,"[""Other Information"",""Repetition""]","[""Repetition"",""Other Information""]",FAIL,null,null,PASS,Correct,Correct,PASS,null,null,PASS,Correct,Correct,PASS,Correct,Correct,PASS,Fail,Right,Yes,"Status,Address"
Day1,"Auto School Brasiliense South TaguatingaFederal District, Federal District, BrazilopenEducation, Driving School",Correct,Correct,PASS,null,null,PASS,Correct,Correct,PASS,null,null,PASS,null,null,PASS,null,null,PASS,null,null,PASS,Wrong,Wrong,PASS,"[""Word Missing"",""Minor Mistake""]","[""Word Missing"",""Minor Mistake""]",PASS,"[""Missing Road Name"",""Missing House Number"",""Missing Floor/Room Number"",""Missing Province/City/District/Town""]","[""Missing Province/City/District/Town"",""Missing Road Name"",""Missing House Number"",""Missing Floor/Room Number""]",FAIL,"[""Repetition""]","[""Repetition""]",PASS,null,null,PASS,Correct,Correct,PASS,null,null,PASS,Correct,UV,FAIL,Correct,Correct,PASS,Fail,Right,Yes,"Address,BH"
Day1,"Rádio Gospel CampinasRua Isaura Aparecida Contarelli, Núcleo Habitacional Lech Walesa, Campinas, Campinas, Região Imediata de Campinas, Região Metropolitana de Campinas, Região Geográfica Intermediária de Campinas, São Paulo, Região Sudeste, 13054-412, BrasilopenOffice and Industrial, Radio Broadcaster",Correct,UV,FAIL,null,null,PASS,Correct,Correct,PASS,null,null,PASS,null,null,PASS,null,null,PASS,null,null,PASS,UV,Wrong,FAIL,null,"[""Minor Mistake"",""Word Missing"",""Major Mistake""]",FAIL,null,"[""Missing House Number""]",FAIL,null,"[""Repetition"",""Other Information"",""Misspell""]",FAIL,null,"[""Wrong Province/City/District/Town""]",FAIL,Correct,Correct,PASS,null,null,PASS,Correct,Correct,PASS,Correct,Correct,PASS,Fail,Right,Yes,"Status,Address"
Day1,"Frizon AdvocaciaRua Coronel Aparício Mariense, Centro, Nhú-Porã, São Borja, Região Geográfica Imediata de São Borja, Região Geográfica Intermediária de Uruguaiana, Rio Grande do Sul, Região Sul, 97670-000, BrasilopenService, Legal Service",UV,UV,PASS,null,null,PASS,Correct,Correct,PASS,null,null,PASS,null,null,PASS,null,null,PASS,null,null,PASS,Wrong,Wrong,PASS,"[""Minor Mistake"",""Word Missing""]","[""Minor Mistake"",""Word Missing""]",PASS,"[""Missing House Number""]","[""Missing House Number""]",PASS,"[""Other Information""]","[""Other Information""]",PASS,null,null,PASS,Correct,Correct,PASS,null,null,PASS,UV,UV,PASS,Correct,Correct,PASS,Right,Right,No,
Day1,"Makmetal serralheria e calhas em geralSao Jose dos Pinhais, Parana, BrazilopenOffice and Industrial, Company",UV,UV,PASS,null,null,PASS,Wrong,Correct,FAIL,"[""Minor Mistake""]",null,FAIL,"[""Other Information""]",null,FAIL,null,null,PASS,null,null,PASS,Wrong,Wrong,PASS,"[""Word Missing""]","[""Word Missing""]",PASS,"[""Missing Road Name"",""Missing House Number""]","[""Missing Road Name"",""Missing House Number""]",PASS,null,null,PASS,null,null,PASS,Correct,Correct,PASS,null,null,PASS,Wrong,Wrong,PASS,Correct,Correct,PASS,Fail,Right,Yes,"Name,Address"
Day1,"Marisa Bússolo Corretora de Imóveis508, Avenida Luiz de Camões, Coral, Lages, Região Geográfica Imediata de Lages, Região Geográfica Intermediária de Lages, Santa Catarina, 88523-000, BrasilopenService, Real Estate Service, Real Estate Agency",UV,UV,PASS,null,null,PASS,Correct,Correct,PASS,null,null,PASS,null,null,PASS,null,null,PASS,null,null,PASS,Wrong,Wrong,PASS,"[""Minor Mistake"",""Major Mistake""]","[""Minor Mistake"",""Major Mistake""]",PASS,null,null,PASS,"[""Other Information""]","[""Other Information""]",PASS,"[""Wrong House Number""]","[""Wrong House Number""]",PASS,Correct,Correct,PASS,null,null,PASS,Correct,UV,FAIL,Correct,Correct,PASS,Fail,Fail,Yes,BH
Day1,"Cacau ShowTravessa Boulevard Manoel Aguiar Rivero, Jardim Professor Francisco Morato, Centro, Francisco Morato, Francisco Morato, Região Imediata de São Paulo, Região Metropolitana de São Paulo, Região Geográfica Intermediária de São Paulo, São Paulo, Região Sudeste, BrasilopenShopping, Food and Beverage Retail, Chocolate Store",Correct,UV,FAIL,null,null,PASS,Correct,Correct,PASS,null,null,PASS,null,null,PASS,null,null,PASS,null,null,PASS,Wrong,Wrong,PASS,"[""Minor Mistake"",""Word Missing"",""Major Mistake""]","[""Word Missing"",""Minor Mistake"",""Major Mistake""]",FAIL,"[""Missing House Number""]","[""Missing House Number""]",PASS,"[""Repetition"",""Other Information""]","[""Repetition"",""Other Information""]",PASS,"[""Wrong Road Name""]","[""Wrong Road Name""]",PASS,Correct,Correct,PASS,null,null,PASS,Correct,Correct,PASS,Correct,Correct,PASS,Fail,Right,Yes,"Status,Address"
Day1,"Happy Pizza UberabaAvenida Leopoldino de Oliveira, Vila Frei Eugênio, Uberaba, Região Geográfica Imediata de Uberaba, Região Geográfica Intermediária de Uberaba, Minas Gerais, Região Sudeste, 38015-400, BrasilopenFood and Drink, Restaurant, Pizza Restaurant",Correct,Correct,PASS,null,null,PASS,Correct,Correct,PASS,null,null,PASS,null,null,PASS,null,null,PASS,null,null,PASS,Wrong,Wrong,PASS,"[""Minor Mistake"",""Word Missing"",""Major Mistake""]","[""Word Missing"",""Minor Mistake"",""Major Mistake""]",FAIL,"[""Missing House Number""]","[""Missing House Number""]",PASS,"[""Other Information""]","[""Other Information""]",PASS,"[""Wrong Province/City/District/Town""]","[""Wrong Province/City/District/Town""]",PASS,Correct,Correct,PASS,null,null,PASS,Correct,Correct,PASS,Correct,Correct,PASS,Fail,Right,Yes,Address
Day1,"Centro Odontológico Sorrir BemRua Antunes Ribas, Cohab, Santo Ângelo, Santo Ângelo, Região Geográfica Imediata de Santo Ângelo, Região Geográfica Intermediária de Ijui, Rio Grande do Sul, Região Sul, 98803-230, BrasilopenHealth, Clinic, Dentist",UV,UV,PASS,null,null,PASS,Correct,Correct,PASS,null,null,PASS,null,null,PASS,null,null,PASS,null,null,PASS,Wrong,Wrong,PASS,"[""Minor Mistake"",""Word Missing"",""Major Mistake""]","[""Word Missing"",""Major Mistake"",""Minor Mistake""]",FAIL,"[""Missing House Number""]","[""Missing House Number""]",PASS,"[""Repetition"",""Other Information""]","[""Repetition"",""Other Information""]",PASS,"[""Wrong Province/City/District/Town""]","[""Wrong Province/City/District/Town""]",PASS,Correct,Correct,PASS,null,null,PASS,Correct,UV,FAIL,Correct,UV,FAIL,Fail,Right,Yes,"Address,BH,Tel"
Day1,"Serraluga - Locação de EquipamentosParque Petrópolis Paulista, Roseira, Mairiporã, Mairiporã, Região Imediata de São Paulo, Região Metropolitana de São Paulo, Região Geográfica Intermediária de São Paulo, São Paulo, Região Sudeste, 07726-620, BrasilopenService",Correct,Correct,PASS,null,null,PASS,Correct,Correct,PASS,null,null,PASS,null,null,PASS,null,null,PASS,null,null,PASS,Wrong,Wrong,PASS,"[""Minor Mistake"",""Word Missing"",""Major Mistake""]","[""Word Missing"",""Minor Mistake"",""Major Mistake""]",FAIL,"[""Missing Road Name"",""Missing House Number""]","[""Missing Road Name"",""Missing House Number""]",PASS,"[""Repetition"",""Other Information""]","[""Repetition"",""Other Information""]",PASS,"[""Wrong Province/City/District/Town""]","[""Wrong Province/City/District/Town""]",PASS,Correct,Correct,PASS,null,null,PASS,Wrong,Wrong,PASS,Correct,Correct,PASS,Fail,Right,Yes,Address
Day1,"Mainhardt265, Rua Tibagi, Centro, Curitiba, Região Geográfica Imediata de Curitiba, Região Metropolitana de Curitiba, Região Geográfica Intermediária de Curitiba, Paraná, Região Sul, 80060-110, BrasilopenOffice and Industrial, Company, Business Management Consultant",UV,UV,PASS,null,null,PASS,Correct,Correct,PASS,null,null,PASS,null,null,PASS,null,null,PASS,null,null,PASS,Wrong,Wrong,PASS,"[""Minor Mistake"",""Major Mistake"",""Word Missing""]","[""Word Missing"",""Minor Mistake"",""Major Mistake""]",FAIL,"[""Missing Floor/Room Number""]","[""Missing Floor/Room Number""]",PASS,"[""Other Information""]","[""Other Information""]",PASS,"[""Wrong Road Name"",""Wrong House Number"",""Wrong Province/City/District/Town""]","[""Wrong Province/City/District/Town"",""Wrong Road Name"",""Wrong House Number""]",FAIL,Correct,Correct,PASS,null,null,PASS,UV,UV,PASS,UV,UV,PASS,Fail,Right,Yes,Address
Day1,"Church Universal White Sand 2Avenida Progresso, Areia Branca, Salvador, Salvador, Região Geográfica Imediata de Salvador, Região Metropolitana de Salvador, Região Geográfica Intermediária de Salvador, Bahia, Região Nordeste, 43700000, BrasilopenReligion, Church",Correct,Correct,PASS,null,null,PASS,Correct,Correct,PASS,null,null,PASS,null,null,PASS,null,null,PASS,null,null,PASS,Wrong,Wrong,PASS,"[""Minor Mistake"",""Word Missing"",""Major Mistake""]","[""Word Missing"",""Minor Mistake"",""Major Mistake""]",FAIL,"[""Missing Road Name""]","[""Missing House Number"",""Missing Floor/Room Number""]",FAIL,"[""Repetition"",""Other Information""]","[""Repetition"",""Other Information""]",PASS,"[""Wrong Road Name"",""Wrong Province/City/District/Town""]","[""Wrong Province/City/District/Town"",""Wrong Road Name""]",FAIL,Correct,Correct,PASS,null,null,PASS,UV,UV,PASS,Correct,UV,FAIL,Fail,Right,Yes,"Address,Tel"
Day1,"Papelaria Cheia de BrilhoRua Caçapava, Baeta Neves, São Bernardo do Campo, São Bernardo do Campo, Região Imediata de São Paulo, Região Metropolitana de São Paulo, Região Geográfica Intermediária de São Paulo, São Paulo, Região Sudeste, 09751-185, BrasilopenShopping, Office Supply Store, Stationery Store",UV,UV,PASS,null,null,PASS,Correct,Correct,PASS,null,null,PASS,null,null,PASS,null,null,PASS,null,null,PASS,Wrong,Wrong,PASS,"[""Minor Mistake"",""Word Missing""]","[""Word Missing"",""Minor Mistake""]",FAIL,"[""Missing House Number""]","[""Missing House Number""]",PASS,"[""Other Information"",""Repetition""]","[""Repetition"",""Other Information""]",FAIL,null,null,PASS,Correct,Correct,PASS,null,null,PASS,UV,UV,PASS,Correct,Correct,PASS,Fail,Right,Yes,Address
Day1,"Odontoclinic MaríliaRua Sergipe, Santa Alice, Pozzobon, Votuporanga, Votuporanga, Região Imediata de Votuporanga, Região Geográfica Intermediária de São José do Rio Preto, São Paulo, Região Sudeste, 15.500-006, BrasilopenHealth, Clinic, Dentist",Correct,Correct,PASS,null,null,PASS,Correct,Correct,PASS,null,null,PASS,null,null,PASS,null,null,PASS,null,null,PASS,Wrong,Wrong,PASS,"[""Minor Mistake"",""Major Mistake"",""Word Missing""]","[""Word Missing"",""Minor Mistake"",""Major Mistake""]",FAIL,"[""Missing House Number""]","[""Missing House Number""]",PASS,"[""Other Information"",""Repetition""]","[""Repetition"",""Other Information""]",FAIL,"[""Wrong Province/City/District/Town"",""Wrong Road Name""]","[""Wrong Province/City/District/Town"",""Wrong Road Name""]",PASS,Correct,Correct,PASS,null,null,PASS,Correct,Correct,PASS,Correct,Correct,PASS,Fail,Right,Yes,Address
Day1,"UbaSurf MotorsUbatuba, Sao Paulo, BrazilopenShopping, Sporting Goods Store, Bicycle Store",Correct,UV,FAIL,null,null,PASS,Correct,Correct,PASS,null,null,PASS,null,null,PASS,null,null,PASS,null,null,PASS,Wrong,Wrong,PASS,"[""Word Missing""]","[""Word Missing""]",PASS,"[""Missing Road Name"",""Missing House Number""]","[""Missing Road Name"",""Missing House Number""]",PASS,null,null,PASS,null,null,PASS,Correct,Correct,PASS,null,null,PASS,Correct,Correct,PASS,Correct,Correct,PASS,Fail,Right,Yes,Status
Day1,"Congregação Cristã no Brasil - Jardim Bela VistaRua Maria do Carmo Melo, Jardim Bela Vista, Itapeva, Itapeva, Região Imediata de Itapeva, Região Geográfica Intermediária de Sorocaba, São Paulo, Região Sudeste, 184121-30, BrasilopenReligion, Church, Christian Church",Correct,Correct,PASS,null,null,PASS,Correct,Correct,PASS,null,null,PASS,null,null,PASS,null,null,PASS,null,null,PASS,Wrong,Wrong,PASS,"[""Minor Mistake"",""Word Missing""]","[""Word Missing"",""Minor Mistake"",""Major Mistake""]",FAIL,"[""Missing House Number""]","[""Missing House Number""]",PASS,"[""Repetition"",""Other Information""]","[""Repetition"",""Other Information""]",PASS,null,"[""Wrong Province/City/District/Town"",""Wrong Road Name""]",FAIL,Correct,Correct,PASS,null,null,PASS,UV,UV,PASS,UV,UV,PASS,Fail,Right,Yes,Address
Day1,"Dsg Farma São Joaquim da Barra1159, Rua São Paulo, João Paulo II, São Joaquim da Barra, São Joaquim da Barra, Região Imediata de São Joaquim da Barra-Orlândia, Região Geográfica Intermediária de Ribeirão Preto, São Paulo, Região Sudeste, 14600-000, BrasilopenHealth, Health and Medicine Store, Pharmacy",Correct,Correct,PASS,null,null,PASS,Correct,Correct,PASS,null,null,PASS,null,null,PASS,null,null,PASS,null,null,PASS,Wrong,Wrong,PASS,"[""Minor Mistake"",""Major Mistake""]","[""Minor Mistake"",""Major Mistake""]",PASS,null,null,PASS,"[""Repetition"",""Other Information""]","[""Repetition"",""Other Information""]",PASS,"[""Wrong House Number"",""Wrong Province/City/District/Town""]","[""Wrong House Number""]",FAIL,Correct,Correct,PASS,null,null,PASS,Wrong,UV,FAIL,Correct,Correct,PASS,Fail,Right,Yes,"Address,BH"
Day1,"Templo Umbamdista Vovó Cambinda das AlmasRua Manuel Duarte, Porto Velho, São Gonçalo, Região Geográfica Imediata do Rio de Janeiro, Região Metropolitana do Rio de Janeiro, Região Geográfica Intermediária do Rio de Janeiro, Rio de Janeiro, Região Sudeste, 24431-005, BrasilopenReligion",UV,UV,PASS,null,null,PASS,Wrong,Wrong,PASS,"[""Minor Mistake""]","[""Minor Mistake""]",PASS,"[""Misspell""]","[""Misspell""]",PASS,null,null,PASS,null,null,PASS,Wrong,Wrong,PASS,"[""Minor Mistake"",""Word Missing""]","[""Word Missing"",""Minor Mistake""]",FAIL,"[""Missing House Number""]","[""Missing House Number""]",PASS,"[""Other Information"",""Misspell""]","[""Other Information""]",FAIL,null,null,PASS,Correct,Correct,PASS,null,null,PASS,Correct,Correct,PASS,Correct,Correct,PASS,Fail,Right,Yes,Address
Day1,"DIP CORE BRASIL LTDA EPPRua Ludgero Dolabela, Gutierrez, Gutierrez, Regional Oeste, Belo Horizonte, Região Geográfica Imediata de Belo Horizonte, Região Metropolitana de Belo Horizonte, Região Geográfica Intermediária de Belo Horizonte, Minas Gerais, Região Sudeste, 30441-036, BrasilopenOffice and Industrial, Company",UV,UV,PASS,null,null,PASS,Wrong,Wrong,PASS,"[""Minor Mistake""]","[""Minor Mistake""]",PASS,"[""Other Information""]","[""Other Information""]",PASS,null,null,PASS,null,null,PASS,Wrong,Wrong,PASS,"[""Minor Mistake"",""Word Missing""]","[""Word Missing"",""Minor Mistake""]",FAIL,"[""Missing House Number"",""Missing Floor/Room Number""]","[""Missing House Number"",""Missing Floor/Room Number""]",PASS,"[""Other Information"",""Repetition""]","[""Repetition"",""Other Information""]",FAIL,null,null,PASS,Correct,Correct,PASS,null,null,PASS,UV,UV,PASS,Correct,Correct,PASS,Fail,Fail,Yes,Address
Day1,"Network Plus SupermarketsRua Thomaz Antônio Villani, 135, Rua Thomaz Antônio Vilani, Cachoeirinha, São Paulo, Região Imediata de São Paulo, Região Metropolitana de São Paulo, Região Geográfica Intermediária de São Paulo, São Paulo, Região Sudeste, 02562-010, BrasilopenShopping, Supermarket",Correct,Correct,PASS,null,null,PASS,Correct,Correct,PASS,null,null,PASS,null,null,PASS,null,null,PASS,null,null,PASS,Wrong,Wrong,PASS,"[""Minor Mistake"",""Major Mistake""]","[""Major Mistake"",""Minor Mistake""]",FAIL,null,null,PASS,"[""Other Information""]","[""Repetition"",""Other Information""]",FAIL,"[""Wrong House Number"",""Wrong Province/City/District/Town""]","[""Wrong Province/City/District/Town"",""Wrong House Number""]",FAIL,Correct,Correct,PASS,null,null,PASS,UV,UV,PASS,Correct,Correct,PASS,Fail,Fail,No,
Day1,"Aulas Particulares de Inglês e PortuguêsRua Henrique Dumont, Rua Henrique Dumont, Jardim Paulista, Ribeirão Preto, Ribeirão Preto, Região Imediata de Ribeirão Preto, Região Metropolitana de Ribeirão Preto, Região Geográfica Intermediária de Ribeirão Preto, São Paulo, Região Sudeste, 14090-200, Brasil0Education, Tutoring Service",UV,UV,PASS,null,null,PASS,UV,Correct,FAIL,null,null,PASS,null,null,PASS,null,null,PASS,null,null,PASS,UV,Wrong,FAIL,null,"[""Word Missing"",""Minor Mistake""]",FAIL,null,"[""Missing Floor/Room Number"",""Missing House Number""]",FAIL,null,"[""Repetition"",""Other Information""]",FAIL,null,null,PASS,UV,Correct,FAIL,null,null,PASS,UV,UV,PASS,UV,Correct,FAIL,Fail,Right,Yes,"Name,Address"
Day1,"Vi'LaVi Escola de ConfeitariaPiracicaba, Sao Paulo, BrazilopenEducation, School",UV,UV,PASS,null,null,PASS,Correct,Correct,PASS,null,null,PASS,null,null,PASS,null,null,PASS,null,null,PASS,Wrong,Wrong,PASS,"[""Word Missing""]","[""Word Missing""]",PASS,"[""Missing Road Name"",""Missing House Number"",""Missing Province/City/District/Town""]","[""Missing Province/City/District/Town"",""Missing Road Name"",""Missing House Number""]",FAIL,null,null,PASS,null,null,PASS,Correct,Correct,PASS,null,null,PASS,Correct,UV,FAIL,Correct,Correct,PASS,Fail,Right,Yes,"Address,BH"
Day1,"Marf Ferro e AçoRua Bom Jesus da Cachoeira, Parque Edu Chaves, Jaçanã, São Paulo, Região Imediata de São Paulo, Região Metropolitana de São Paulo, Região Geográfica Intermediária de São Paulo, São Paulo, Região Sudeste, 02236-020, BrasilopenOffice and Industrial, Company",UV,UV,PASS,null,null,PASS,Correct,Correct,PASS,null,null,PASS,null,null,PASS,null,null,PASS,null,null,PASS,Wrong,Wrong,PASS,"[""Minor Mistake"",""Word Missing""]","[""Word Missing"",""Minor Mistake""]",FAIL,"[""Missing House Number""]","[""Missing House Number""]",PASS,"[""Other Information""]","[""Other Information""]",PASS,null,null,PASS,Correct,Correct,PASS,null,null,PASS,Wrong,Wrong,PASS,Correct,Correct,PASS,Fail,Right,Yes,Address
Day1,"AMPLA CONTAINERSRua Braz Cubas, Centro, Santos, Santos, Região Imediata de Santos, Região Metropolitana da Baixada Santista, Região Geográfica Intermediária de São Paulo, São Paulo, Região Sudeste, 11013-925, BrasilopenService, Transportation Service",UV,UV,PASS,null,null,PASS,Correct,Correct,PASS,null,null,PASS,null,null,PASS,null,null,PASS,null,null,PASS,Wrong,Wrong,PASS,"[""Minor Mistake"",""Word Missing""]","[""Word Missing"",""Minor Mistake""]",FAIL,"[""Missing House Number""]","[""Missing House Number""]",PASS,"[""Other Information"",""Repetition""]","[""Repetition"",""Other Information""]",FAIL,null,null,PASS,Correct,Correct,PASS,null,null,PASS,UV,UV,PASS,Correct,Correct,PASS,Fail,Right,Yes,Address
Day1,"Tork MultimarcasAlinhaMix, 80, Rua Monsenhor João Rodrigues, Industrial 3ª Seção, Industrial, Contagem, Região Geográfica Imediata de Belo Horizonte, Região Metropolitana de Belo Horizonte, Região Geográfica Intermediária de Belo Horizonte, Minas Gerais, Região Sudeste, 32220-460, BrasilopenShopping, Automotive Retail",UV,Correct,FAIL,null,null,PASS,Correct,Correct,PASS,null,null,PASS,null,null,PASS,null,null,PASS,null,null,PASS,Wrong,Wrong,PASS,"[""Minor Mistake"",""Major Mistake""]","[""Minor Mistake"",""Major Mistake""]",PASS,null,null,PASS,"[""Other Information""]","[""Other Information""]",PASS,"[""Wrong House Number""]","[""Wrong Province/City/District/Town"",""Wrong House Number""]",FAIL,Correct,Correct,PASS,null,null,PASS,UV,UV,PASS,Correct,Correct,PASS,Fail,Right,Yes,"Status,Address"
Practice1,"DC Set Group1489, Avenida Presidente Juscelino Kubitschek, Vila Olímpia, Itaim Bibi, São Paulo, Região Imediata de São Paulo, Região Metropolitana de São Paulo, Região Geográfica Intermediária de São Paulo, São Paulo, Região Sudeste, 04543-011, BrasilopenOffice and Industrial, Company",Correct,UV,FAIL,null,null,PASS,Correct,Correct,PASS,null,null,PASS,null,null,PASS,null,null,PASS,null,null,PASS,Wrong,Wrong,PASS,"[""Major Mistake"",""Minor Mistake""]","[""Minor Mistake"",""Major Mistake""]",FAIL,null,null,PASS,"[""Other Information""]","[""Other Information"",""Repetition""]",FAIL,"[""Wrong Province/City/District/Town"",""Wrong House Number""]","[""Wrong Province/City/District/Town"",""Wrong House Number""]",PASS,Correct,Correct,PASS,null,null,PASS,UV,UV,PASS,Correct,Correct,PASS,Fail,Right,Yes,"Status,Address"
Practice1,"Salão de Beleza Clinic HairRua Justino de Oliveira, Centro, Lontras, Região Geográfica Imediata de Rio do Sul, Região Geográfica Intermediária de Blumenau, Santa Catarina, 89182-000, BrasilopenService, Health and Beauty Service, Beauty Salon",UV,UV,PASS,null,null,PASS,Correct,Correct,PASS,null,null,PASS,null,null,PASS,null,null,PASS,null,null,PASS,Wrong,Wrong,PASS,"[""Minor Mistake"",""Word Missing""]","[""Word Missing"",""Minor Mistake""]",FAIL,"[""Missing House Number""]","[""Missing House Number""]",PASS,"[""Other Information""]","[""Other Information""]",PASS,null,null,PASS,Correct,Correct,PASS,null,null,PASS,UV,UV,PASS,Correct,Correct,PASS,Fail,Right,Yes,Address
Practice1,"Centro Estético Kelly ReginaVila Rica, Mato Grosso, BrazilopenService, Health and Beauty Service, Beauty Salon",UV,UV,PASS,null,null,PASS,Correct,Correct,PASS,null,null,PASS,null,null,PASS,null,null,PASS,null,null,PASS,Wrong,Wrong,PASS,"[""Word Missing""]","[""Word Missing""]",PASS,"[""Missing House Number"",""Missing Road Name""]","[""Missing Province/City/District/Town"",""Missing Road Name"",""Missing House Number""]",FAIL,null,null,PASS,null,null,PASS,Correct,Correct,PASS,null,null,PASS,Correct,UV,FAIL,Correct,UV,FAIL,Fail,Fail,Yes,"BH,Tel"
Practice1,"Instituto Ethos CogitarePraça Monsenhor Alfredo de Arruda Câmara, Afogados da Ingazeira, Afogados da Ingazeira, Região Geográfica Imediata de Afogados da Ingazeira, Região Geográfica Intermediária de Serra Talhada, Pernambuco, Região Nordeste, 56800-000, BrasilopenHealth, Mental Health Service, Psychologist",UV,Correct,FAIL,null,null,PASS,Correct,Correct,PASS,null,null,PASS,null,null,PASS,null,null,PASS,null,null,PASS,Wrong,Wrong,PASS,"[""Minor Mistake"",""Major Mistake"",""Word Missing""]","[""Word Missing"",""Major Mistake""]",FAIL,"[""Missing House Number"",""Missing Province/City/District/Town""]","[""Missing Road Name"",""Missing House Number""]",FAIL,"[""Other Information"",""Repetition""]",null,FAIL,"[""Wrong Road Name""]","[""Wrong Province/City/District/Town""]",FAIL,Correct,Correct,PASS,null,null,PASS,UV,UV,PASS,Correct,Correct,PASS,Fail,Right,Yes,"Status,Address"
Practice1,São Paulo,null,null,PASS,null,null,PASS,Wrong,Wrong,PASS,"[""Others""]","[""Others""]",PASS,null,null,PASS,null,null,PASS,"[""Administrative Divisions""]","[""Administrative Divisions""]",PASS,null,null,PASS,null,null,PASS,null,null,PASS,null,null,PASS,null,null,PASS,null,null,PASS,null,null,PASS,null,null,PASS,null,null,PASS,Right,Right,No,
Practice1,"produtos177, Rua Benedito Campos Morais, Vila Anastácio, São Paulo, Região Imediata de São Paulo, Região Metropolitana de São Paulo, Região Geográfica Intermediária de São Paulo, São Paulo, Região Sudeste, 05092-000, BrasilopenService, Repair Service, Appliance Repair Service",UV,UV,PASS,null,null,PASS,UV,UV,PASS,null,null,PASS,null,null,PASS,null,null,PASS,null,null,PASS,UV,UV,PASS,null,null,PASS,null,null,PASS,null,null,PASS,null,null,PASS,UV,UV,PASS,null,null,PASS,UV,UV,PASS,UV,UV,PASS,Right,Right,No,
Practice1,"Empreiteira Paula SJRua Esmeraldas, Santa Luzia, Sede, Contagem, Região Geográfica Imediata de Belo Horizonte, Região Metropolitana de Belo Horizonte, Região Geográfica Intermediária de Belo Horizonte, Minas Gerais, Região Sudeste, 32017170, BrasilopenOffice and Industrial, Company, Construction Company",UV,UV,PASS,null,null,PASS,Correct,UV,FAIL,null,null,PASS,null,null,PASS,null,null,PASS,null,null,PASS,Wrong,UV,FAIL,"[""Minor Mistake"",""Word Missing"",""Major Mistake""]",null,FAIL,"[""Missing House Number""]",null,FAIL,"[""Other Information""]",null,FAIL,"[""Wrong Province/City/District/Town""]",null,FAIL,Correct,UV,FAIL,null,null,PASS,UV,UV,PASS,UV,UV,PASS,Fail,Right,Yes,Name
Practice1,"Franqueiro AutomóveisAvenida Brasil, Brasil, Setor Central, Uberlândia, Região Geográfica Imediata de Uberlândia, Região Geográfica Intermediária de Uberlândia, Minas Gerais, Região Sudeste, 38400-662, BrasilopenShopping, Automotive Retail, Car Dealership, Used Car Dealership",UV,Correct,FAIL,null,null,PASS,Correct,Correct,PASS,null,null,PASS,null,null,PASS,null,null,PASS,null,null,PASS,Wrong,Wrong,PASS,"[""Minor Mistake"",""Word Missing""]","[""Word Missing"",""Minor Mistake""]",FAIL,"[""Missing House Number""]","[""Missing House Number""]",PASS,"[""Other Information""]","[""Other Information""]",PASS,null,null,PASS,Correct,Correct,PASS,null,null,PASS,UV,UV,PASS,Correct,Correct,PASS,Fail,Right,Yes,"Status,Address"
Practice1,"Unny Bolos e Doces FinosAvenida Rui Barbosa, Bom Jesus, São José dos Pinhais, Região Geográfica Imediata de Curitiba, Região Metropolitana de Curitiba, Região Geográfica Intermediária de Curitiba, Paraná, Região Sul, 83005-070, BrasilopenFood and Drink, Dessert/Bakery, Pastry Shop",UV,UV,PASS,null,null,PASS,Correct,Correct,PASS,null,null,PASS,null,null,PASS,null,null,PASS,null,null,PASS,Wrong,Wrong,PASS,"[""Word Missing"",""Minor Mistake"",""Major Mistake""]","[""Word Missing"",""Minor Mistake""]",FAIL,"[""Missing House Number""]","[""Missing Province/City/District/Town"",""Missing House Number""]",FAIL,"[""Other Information""]","[""Other Information""]",PASS,"[""Wrong Province/City/District/Town""]",null,FAIL,Correct,Correct,PASS,null,null,PASS,Correct,UV,FAIL,Correct,UV,FAIL,Fail,Fail,Yes,"BH,Tel"
Practice1,"Safe Trace SA5, Rua Coronel Renó, Centro, Itajubá, Itajubá, Região Geográfica Imediata de Itajubá, Região Geográfica Intermediária de Pouso Alegre, Minas Gerais, Região Sudeste, 37501-042, BrasilopenOffice and Industrial, Company, Business To Business Service",UV,UV,PASS,null,null,PASS,Correct,Correct,PASS,null,null,PASS,null,null,PASS,null,null,PASS,null,null,PASS,Wrong,Wrong,PASS,"[""Minor Mistake"",""Major Mistake"",""Others""]","[""Word Missing"",""Major Mistake"",""Minor Mistake""]",FAIL,null,"[""Missing Floor/Room Number""]",FAIL,"[""Other Information"",""Repetition""]","[""Repetition"",""Other Information""]",FAIL,"[""Wrong House Number""]","[""Wrong Road Name""]",FAIL,Correct,Correct,PASS,null,null,PASS,UV,UV,PASS,Correct,Correct,PASS,Fail,Right,Yes,Address
Practice1,"Baterias 24 Horas Confins Disk BateriasRua Vinte e Oito de Outubro, Gameleira, Distrito Industrial, Confins, Região Geográfica Imediata de Belo Horizonte, Região Metropolitana de Belo Horizonte, Região Geográfica Intermediária de Belo Horizonte, Minas Gerais, Região Sudeste, 33500-000, BrasilopenShopping, Automotive Retail, Car Parts and Accessories, Car Battery Store",UV,UV,PASS,null,null,PASS,UV,UV,PASS,null,null,PASS,null,null,PASS,null,null,PASS,null,null,PASS,UV,UV,PASS,null,null,PASS,null,null,PASS,null,null,PASS,null,null,PASS,UV,UV,PASS,null,null,PASS,UV,UV,PASS,UV,UV,PASS,Right,Right,No,
Practice1,Itapevi,null,null,PASS,null,null,PASS,Wrong,Wrong,PASS,"[""Others""]","[""Others""]",PASS,null,null,PASS,null,null,PASS,"[""Administrative Divisions""]","[""Administrative Divisions""]",PASS,null,null,PASS,null,null,PASS,null,null,PASS,null,null,PASS,null,null,PASS,null,null,PASS,null,null,PASS,null,null,PASS,null,null,PASS,Right,Right,No,
Practice1,"Celso Brinquedos InfláveisRua Lélio Ferraz de Siqueira, Jaú, Jaú, Região Imediata de Jaú, Região Geográfica Intermediária de Bauru, São Paulo, Região Sudeste, BrasilopenShopping, Party Store",UV,UV,PASS,null,null,PASS,Correct,Correct,PASS,null,null,PASS,null,null,PASS,null,null,PASS,null,null,PASS,Wrong,Wrong,PASS,"[""Minor Mistake"",""Word Missing"",""Major Mistake""]","[""Word Missing"",""Minor Mistake"",""Major Mistake""]",FAIL,"[""Missing House Number"",""Missing Province/City/District/Town""]","[""Missing Province/City/District/Town"",""Missing House Number""]",FAIL,"[""Other Information"",""Repetition""]","[""Repetition"",""Other Information""]",FAIL,"[""Wrong Road Name""]","[""Wrong Road Name""]",PASS,Correct,Correct,PASS,null,null,PASS,UV,UV,PASS,Correct,Correct,PASS,Fail,Right,Yes,Address
Practice1,"Maria Marra ModaRua Ouro Preto, Niterói, Jardim das Alterosas, Betim, Região Geográfica Imediata de Belo Horizonte, Região Metropolitana de Belo Horizonte, Região Geográfica Intermediária de Belo Horizonte, Minas Gerais, Região Sudeste, 32672068, BrasilopenShopping, Clothing Store",UV,UV,PASS,null,null,PASS,Correct,Correct,PASS,null,null,PASS,null,null,PASS,null,null,PASS,null,null,PASS,Wrong,Wrong,PASS,"[""Minor Mistake""]","[""Word Missing"",""Minor Mistake""]",FAIL,null,"[""Missing House Number""]",FAIL,"[""Other Information""]","[""Other Information""]",PASS,null,null,PASS,Correct,Correct,PASS,null,null,PASS,Correct,UV,FAIL,UV,Correct,FAIL,Fail,Fail,Yes,Tel
Practice1,"Psicóloga Ericka SantosRecife, Pernambuco, BrazilopenHealth, Mental Health Service, Psychologist",UV,UV,PASS,null,null,PASS,Correct,Correct,PASS,null,null,PASS,null,null,PASS,null,null,PASS,null,null,PASS,Wrong,Wrong,PASS,"[""Word Missing""]","[""Word Missing""]",PASS,"[""Missing Province/City/District/Town"",""Missing House Number"",""Missing Road Name""]","[""Missing Province/City/District/Town"",""Missing Road Name"",""Missing House Number"",""Missing Floor/Room Number""]",FAIL,null,null,PASS,null,null,PASS,Correct,Correct,PASS,null,null,PASS,UV,UV,PASS,Correct,Correct,PASS,Fail,Fail,No,
Practice1,"TABACARIA MOI EXPRESS - REDENTORA3947, Rua General Glicério, Vila São Pedro, São José do Rio Preto, São José do Rio Preto, Região Imediata de São José do Rio Preto, Região Geográfica Intermediária de São José do Rio Preto, São Paulo, Região Sudeste, 15015-410, BrasilopenShopping, Tobacco Store",UV,UV,PASS,null,null,PASS,Correct,Correct,PASS,null,null,PASS,null,null,PASS,null,null,PASS,null,null,PASS,UV,UV,PASS,null,null,PASS,null,null,PASS,null,null,PASS,null,null,PASS,Correct,Correct,PASS,null,null,PASS,UV,UV,PASS,Correct,Correct,PASS,Right,Right,No,
Practice1,"Parque Bondinho Pão De AçúcarAV. PASTEUR, 520 – URCA – RIO DE JANEIRO – RJcloseOutdoors and Recreation, Park, Natural Park",Wrong,Wrong,PASS,Open,Open,PASS,Correct,Correct,PASS,null,null,PASS,null,null,PASS,null,null,PASS,null,null,PASS,Correct,Correct,PASS,null,null,PASS,null,null,PASS,null,null,PASS,null,null,PASS,Correct,Correct,PASS,null,null,PASS,Wrong,Wrong,PASS,UV,Wrong,FAIL,Fail,Right,Yes,Tel
Practice1,"Colégio Maria RaytheRua Haddock Lobo, Tijuca, Zona Norte do Rio de Janeiro, Região Geográfica Imediata do Rio de Janeiro, Região Metropolitana do Rio de Janeiro, Região Geográfica Intermediária do Rio de Janeiro, Rio de Janeiro, Região Sudeste, 20260200, BrasilopenEducation, School, Private School",Correct,Correct,PASS,null,null,PASS,Correct,Correct,PASS,null,null,PASS,null,null,PASS,null,null,PASS,null,null,PASS,Wrong,Wrong,PASS,"[""Minor Mistake"",""Word Missing""]","[""Word Missing"",""Minor Mistake""]",FAIL,"[""Missing House Number""]","[""Missing House Number""]",PASS,"[""Other Information""]","[""Other Information""]",PASS,null,null,PASS,Correct,Correct,PASS,null,null,PASS,Wrong,Wrong,PASS,Correct,Correct,PASS,Fail,Right,Yes,Address
Practice1,"Macau DiveRua Marechal Antônio Sousa, Jardim América, Zona Norte do Rio de Janeiro, Região Geográfica Imediata do Rio de Janeiro, Região Metropolitana do Rio de Janeiro, Região Geográfica Intermediária do Rio de Janeiro, Rio de Janeiro, Região Sudeste, 21241-460, BrasilopenOther POI",Correct,UV,FAIL,null,null,PASS,Correct,Correct,PASS,null,null,PASS,null,null,PASS,null,null,PASS,null,null,PASS,Wrong,Wrong,PASS,"[""Word Missing"",""Minor Mistake""]","[""Word Missing"",""Minor Mistake""]",PASS,"[""Missing House Number""]","[""Missing House Number""]",PASS,"[""Other Information""]","[""Other Information""]",PASS,null,null,PASS,Wrong,Wrong,PASS,"[""L1 Wrong""]","[""L1 Wrong""]",PASS,Correct,UV,FAIL,Correct,Correct,PASS,Fail,Fail,Yes,"Status,Address,BH"
Practice1,"Serralheria Estrutural Melhor preçoSao Paulo, Sao Paulo, BrazilopenOffice and Industrial, Company, Mechanic",UV,UV,PASS,null,null,PASS,Correct,Correct,PASS,null,null,PASS,null,null,PASS,null,null,PASS,null,null,PASS,Wrong,Wrong,PASS,"[""Word Missing""]","[""Word Missing""]",PASS,"[""Missing House Number"",""Missing Road Name"",""Missing Province/City/District/Town""]","[""Missing Province/City/District/Town"",""Missing Road Name"",""Missing House Number""]",FAIL,null,null,PASS,null,null,PASS,Correct,Correct,PASS,null,null,PASS,UV,UV,PASS,Correct,Correct,PASS,Fail,Right,Yes,Address
Practice1,"MadeiraMadeiraAvenida José Fonseca e Silva, Luizote de Freitas, Setor Oeste, Uberlândia, Região Geográfica Imediata de Uberlândia, Região Geográfica Intermediária de Uberlândia, Minas Gerais, Região Sudeste, 38.414-126, BrasilopenShopping, Furniture and Home Store",Correct,Correct,PASS,null,null,PASS,Correct,Correct,PASS,null,null,PASS,null,null,PASS,null,null,PASS,null,null,PASS,Wrong,Wrong,PASS,"[""Minor Mistake"",""Word Missing"",""Major Mistake""]","[""Word Missing"",""Minor Mistake""]",FAIL,"[""Missing House Number"",""Missing Floor/Room Number""]","[""Missing House Number"",""Missing Floor/Room Number""]",PASS,"[""Other Information""]","[""Other Information""]",PASS,"[""Wrong Province/City/District/Town""]",null,FAIL,Correct,Correct,PASS,null,null,PASS,Correct,Correct,PASS,UV,Wrong,FAIL,Fail,Right,Yes,"Address,Tel"
Practice1,"É Mais ComunicaçãoRua Barão de Melgaço, Do Porto, Cuiabá, Região Geográfica Imediata de Cuiabá, Região Geográfica Intermediária de Cuiabá, Mato Grosso, Região Centro-Oeste, 78030-970, BrasilopenOffice and Industrial, Company, Advertising Agency",UV,UV,PASS,null,null,PASS,Correct,Correct,PASS,null,null,PASS,null,null,PASS,null,null,PASS,null,null,PASS,Wrong,Wrong,PASS,"[""Minor Mistake"",""Word Missing"",""Major Mistake""]","[""Minor Mistake"",""Word Missing""]",FAIL,"[""Missing House Number""]","[""Missing House Number""]",PASS,"[""Other Information""]","[""Other Information""]",PASS,"[""Wrong Province/City/District/Town""]",null,FAIL,Correct,Correct,PASS,null,null,PASS,Correct,UV,FAIL,Correct,Correct,PASS,Fail,Right,Yes,"Address,BH"
Practice1,"Fisk Bela Vista | Inglês e EspanholRua Mário Barreto, Jardim Bela Vista, Santo André, Santo André, Região Imediata de São Paulo, Região Metropolitana de São Paulo, Região Geográfica Intermediária de São Paulo, São Paulo, Região Sudeste, 09041-380, BrasilopenEducation, Language School",Correct,Correct,PASS,null,null,PASS,Correct,Correct,PASS,null,null,PASS,null,null,PASS,null,null,PASS,null,null,PASS,Wrong,Wrong,PASS,"[""Minor Mistake"",""Major Mistake"",""Word Missing""]","[""Word Missing"",""Minor Mistake"",""Major Mistake""]",FAIL,"[""Missing House Number""]","[""Missing House Number""]",PASS,"[""Other Information"",""Repetition""]","[""Repetition"",""Other Information""]",FAIL,"[""Wrong Road Name"",""Wrong Province/City/District/Town""]","[""Wrong Road Name""]",FAIL,Correct,Correct,PASS,null,null,PASS,Correct,Wrong,FAIL,Correct,Correct,PASS,Fail,Right,Yes,"Address,BH"
Practice1,"Ferragista Engenove Distribuidora de ParafusosAvenida Presidente Kennedy, Bairro Maracanâ, Anápolis, Região Geográfica Imediata de Anápolis, Região Geográfica Intermediária de Goiânia, Goiás, Região Centro-Oeste, 75040040, BrasilopenShopping, Wholesale Store",UV,UV,PASS,null,null,PASS,Correct,UV,FAIL,null,null,PASS,null,null,PASS,null,null,PASS,null,null,PASS,Wrong,UV,FAIL,"[""Minor Mistake"",""Word Missing""]",null,FAIL,"[""Missing House Number""]",null,FAIL,"[""Other Information""]",null,FAIL,null,null,PASS,Correct,UV,FAIL,null,null,PASS,UV,UV,PASS,Correct,UV,FAIL,Fail,Right,Yes,"Name,Address,Catergory,Tel"
Practice1,"Paula Moraes BoutiqueRua Batista Perozzo, Boa Esperança, Paulínia, Paulínia, Região Imediata de Campinas, Região Metropolitana de Campinas, Região Geográfica Intermediária de Campinas, São Paulo, Região Sudeste, 13140-162, BrasilopenShopping, Clothing Store, Women Clothing Store",UV,UV,PASS,null,null,PASS,Correct,Correct,PASS,null,null,PASS,null,null,PASS,null,null,PASS,null,null,PASS,Wrong,Wrong,PASS,"[""Minor Mistake"",""Major Mistake"",""Word Missing""]","[""Word Missing"",""Minor Mistake"",""Major Mistake""]",FAIL,"[""Missing House Number""]","[""Missing House Number""]",PASS,"[""Other Information"",""Repetition""]","[""Repetition"",""Other Information""]",FAIL,"[""Wrong Road Name"",""Wrong Province/City/District/Town""]","[""Wrong Province/City/District/Town"",""Wrong Road Name""]",FAIL,Correct,Correct,PASS,null,null,PASS,UV,UV,PASS,Correct,Correct,PASS,Fail,Right,Yes,Address
Practice1,"Aulas Particulares de Inglês e PortuguêsRua Henrique Dumont, Rua Henrique Dumont, Jardim Paulista, Ribeirão Preto, Ribeirão Preto, Região Imediata de Ribeirão Preto, Região Metropolitana de Ribeirão Preto, Região Geográfica Intermediária de Ribeirão Preto, São Paulo, Região Sudeste, 14090-200, BrasilopenEducation, Tutoring Service",UV,#N/A,#N/A,null,#N/A,#N/A,UV,#N/A,#N/A,null,#N/A,#N/A,null,#N/A,#N/A,null,#N/A,#N/A,null,#N/A,#N/A,UV,#N/A,#N/A,null,#N/A,#N/A,null,#N/A,#N/A,null,#N/A,#N/A,null,#N/A,#N/A,UV,#N/A,#N/A,null,#N/A,#N/A,UV,#N/A,#N/A,UV,#N/A,#N/A,#N/A,Right,Yes,
Practice1,"Guitar CompanyRua Samuel Agenor Angenistki, Gamboa, Cabo Frio, Região Geográfica Imediata de Cabo Frio, Região Geográfica Intermediária de Macaé-Rio das Ostras-Cabo Frio, Rio de Janeiro, Região Sudeste, 28915550, BrasilopenShopping, Musical Instrument Store",UV,UV,PASS,null,null,PASS,Correct,Correct,PASS,null,null,PASS,null,null,PASS,null,null,PASS,null,null,PASS,Wrong,Wrong,PASS,"[""Minor Mistake"",""Major Mistake"",""Word Missing""]","[""Word Missing"",""Minor Mistake"",""Major Mistake""]",FAIL,"[""Missing Road Name""]","[""Missing House Number"",""Missing Floor/Room Number""]",FAIL,"[""Other Information""]","[""Other Information""]",PASS,"[""Wrong Road Name""]","[""Wrong Province/City/District/Town"",""Wrong Road Name""]",FAIL,Correct,Correct,PASS,null,null,PASS,UV,UV,PASS,Correct,Correct,PASS,Fail,Right,Yes,Address
Practice1,Neymar Jr,null,null,PASS,null,null,PASS,Wrong,Wrong,PASS,"[""Major Mistake""]","[""Major Mistake""]",PASS,null,null,PASS,"[""Not a POI""]","[""Not a POI""]",PASS,null,null,PASS,null,null,PASS,null,null,PASS,null,null,PASS,null,null,PASS,null,null,PASS,null,null,PASS,null,null,PASS,null,null,PASS,null,null,PASS,Right,Right,No,
Practice1,"Moacir Fercon Produções ArtísticasRua das Verbenas, Campinas, Campinas, Região Imediata de Campinas, Região Metropolitana de Campinas, Região Geográfica Intermediária de Campinas, São Paulo, Região Sudeste, 13050-080, BrasilopenEducation, College and University, Art School",UV,UV,PASS,null,null,PASS,Correct,Correct,PASS,null,null,PASS,null,null,PASS,null,null,PASS,null,null,PASS,Wrong,Wrong,PASS,"[""Minor Mistake"",""Word Missing"",""Major Mistake""]","[""Word Missing"",""Minor Mistake"",""Major Mistake""]",FAIL,"[""Missing House Number"",""Missing Province/City/District/Town""]","[""Missing Province/City/District/Town"",""Missing House Number""]",FAIL,"[""Other Information"",""Repetition""]","[""Repetition"",""Other Information""]",FAIL,"[""Wrong Road Name""]","[""Wrong Road Name""]",PASS,Correct,Correct,PASS,null,null,PASS,UV,UV,PASS,Correct,Correct,PASS,Fail,Right,Yes,Address
Practice1,"Persianas Nety LtdaVila do Pinheiro, Flamengo, Zona Sul do Rio de Janeiro, Região Geográfica Imediata do Rio de Janeiro, Região Metropolitana do Rio de Janeiro, Região Geográfica Intermediária do Rio de Janeiro, Rio de Janeiro, Região Sudeste, 22220-050, BrasilopenService, Home Improvement Service, Doors and Windows Service, Blinds Shop",UV,UV,PASS,null,null,PASS,Correct,Correct,PASS,null,null,PASS,null,null,PASS,null,null,PASS,null,null,PASS,Wrong,Wrong,PASS,"[""Minor Mistake"",""Word Missing""]","[""Minor Mistake"",""Word Missing""]",PASS,"[""Missing Floor/Room Number"",""Missing House Number""]","[""Missing Road Name"",""Missing House Number"",""Missing Floor/Room Number""]",FAIL,"[""Other Information""]","[""Other Information""]",PASS,null,null,PASS,Correct,Correct,PASS,null,null,PASS,UV,UV,PASS,Correct,Correct,PASS,Fail,Fail,No,
Practice1,"Larissa Martins - Advogada CriminalClaudio, Minas Gerais, BrazilopenService, Legal Service, Law Office",UV,Correct,FAIL,null,null,PASS,Correct,Correct,PASS,null,null,PASS,null,null,PASS,null,null,PASS,null,null,PASS,Wrong,Wrong,PASS,"[""Word Missing""]","[""Word Missing""]",PASS,"[""Missing Road Name"",""Missing House Number"",""Missing Floor/Room Number"",""Missing Province/City/District/Town""]","[""Missing Province/City/District/Town"",""Missing Road Name"",""Missing House Number"",""Missing Floor/Room Number""]",FAIL,null,null,PASS,null,null,PASS,Correct,Correct,PASS,null,null,PASS,Correct,Correct,PASS,Correct,Correct,PASS,Fail,Right,Yes,"Status,Address"
Practice1,"Cat Clínica de Assistência Ao Trabalhador10, Rua Professor Afonso Celso de Paula Lima, Ponta da Praia, Santos, Santos, Região Imediata de Santos, Região Metropolitana da Baixada Santista, Região Geográfica Intermediária de São Paulo, São Paulo, Região Sudeste, 11030-400, BrasilopenService",Correct,UV,FAIL,null,null,PASS,Correct,Correct,PASS,null,null,PASS,null,null,PASS,null,null,PASS,null,null,PASS,Wrong,Wrong,PASS,"[""Minor Mistake"",""Major Mistake""]","[""Minor Mistake"",""Major Mistake""]",PASS,null,null,PASS,"[""Other Information"",""Repetition""]","[""Repetition"",""Other Information""]",FAIL,"[""Wrong House Number""]","[""Wrong House Number""]",PASS,Correct,Correct,PASS,null,null,PASS,Correct,UV,FAIL,Correct,Correct,PASS,Fail,Right,Yes,"Status,BH"
Practice1,"MARTA RODRIGUESRua Benedito Araújo, Perpétuo Socorro, São João da Boa Vista, São João da Boa Vista, Região Imediata de São João da Boa Vista, Região Geográfica Intermediária de Campinas, São Paulo, Região Sudeste, 13870-537, BrasilopenService, Legal Service, Law Office",UV,UV,PASS,null,null,PASS,Correct,Correct,PASS,null,null,PASS,null,null,PASS,null,null,PASS,null,null,PASS,Wrong,UV,FAIL,"[""Minor Mistake"",""Word Missing"",""Major Mistake""]",null,FAIL,"[""Missing House Number""]",null,FAIL,"[""Other Information"",""Repetition""]",null,FAIL,"[""Wrong Province/City/District/Town""]",null,FAIL,Correct,Correct,PASS,null,null,PASS,UV,UV,PASS,Correct,Correct,PASS,Fail,Right,Yes,Address
Practice1,"Embalagens Vip268, Rua Conselheiro Dantas, Canindé, São Paulo, Região Imediata de São Paulo, Região Metropolitana de São Paulo, Região Geográfica Intermediária de São Paulo, São Paulo, Região Sudeste, 03032-020, BrasilopenOther POI",UV,UV,PASS,null,null,PASS,Correct,Correct,PASS,null,null,PASS,null,null,PASS,null,null,PASS,null,null,PASS,Wrong,Wrong,PASS,"[""Minor Mistake"",""Major Mistake""]","[""Major Mistake"",""Minor Mistake""]",FAIL,null,null,PASS,"[""Other Information""]","[""Other Information"",""Repetition""]",FAIL,"[""Wrong House Number""]","[""Wrong House Number""]",PASS,Wrong,Wrong,PASS,"[""L1 Wrong""]","[""L1 Wrong""]",PASS,Wrong,Wrong,PASS,Correct,Correct,PASS,Fail,Right,Yes,Address
Practice1,"WebSpotSanta Clara 33, 33, Rua Santa Clara, Bairro Peixoto, Copacabana, Rio de Janeiro, Região Geográfica Imediata do Rio de Janeiro, Região Metropolitana do Rio de Janeiro, Região Geográfica Intermediária do Rio de Janeiro, Rio de Janeiro, Região Sudeste, 22041-011, BrasilopenOffice and Industrial, Technology Business, IT Service",Correct,UV,FAIL,null,null,PASS,Correct,Correct,PASS,null,null,PASS,null,null,PASS,null,null,PASS,null,null,PASS,Wrong,Wrong,PASS,"[""Word Missing"",""Minor Mistake"",""Major Mistake""]","[""Word Missing"",""Minor Mistake"",""Major Mistake""]",PASS,"[""Missing Floor/Room Number""]","[""Missing Floor/Room Number""]",PASS,"[""Other Information"",""Repetition""]","[""Other Information"",""Repetition""]",PASS,"[""Wrong House Number""]","[""Wrong House Number""]",PASS,Correct,Correct,PASS,null,null,PASS,Correct,UV,FAIL,Correct,Correct,PASS,Fail,Right,Yes,"Address,BH"
Practice1,"SolarX EngenhariaRodovia Deputado Willy Saldanha, Barra Nova, Caicó, Caicó, Região Geográfica Imediata de Caicó, Região Geográfica Intermediária de Caicó, Rio Grande do Norte, Região Nordeste, 59300000, BrasilopenOther POI",Correct,UV,FAIL,null,null,PASS,Correct,Correct,PASS,null,null,PASS,null,null,PASS,null,null,PASS,null,null,PASS,Wrong,Wrong,PASS,"[""Minor Mistake"",""Major Mistake"",""Word Missing""]","[""Word Missing"",""Major Mistake"",""Minor Mistake""]",FAIL,"[""Missing House Number""]","[""Missing House Number""]",PASS,"[""Other Information"",""Repetition""]","[""Repetition"",""Other Information""]",FAIL,"[""Wrong Road Name""]","[""Wrong Road Name""]",PASS,Wrong,Wrong,PASS,"[""L1 Wrong""]","[""L1 Wrong""]",PASS,UV,UV,PASS,UV,Wrong,FAIL,Fail,Fail,Yes,"Status,Tel"
Practice1,"California CoffeeBaixo Pedreira, Bairro da Luz, Nova Iguaçu, Região Metropolitana do Rio de Janeiro, Região Geográfica Intermediária do Rio de Janeiro, Rio de Janeiro, Região Sudeste, 26260-045, BrasilopenFood and Drink, Coffee, Coffee Shop",Correct,Correct,PASS,null,null,PASS,Correct,Correct,PASS,null,null,PASS,null,null,PASS,null,null,PASS,null,null,PASS,Wrong,Wrong,PASS,"[""Minor Mistake"",""Word Missing""]","[""Word Missing"",""Minor Mistake"",""Major Mistake""]",FAIL,"[""Missing Building Name"",""Missing Floor/Room Number"",""Missing House Number"",""Missing Road Name""]","[""Missing House Number""]",FAIL,"[""Other Information""]","[""Other Information""]",PASS,null,"[""Wrong Province/City/District/Town"",""Wrong Road Name""]",FAIL,Correct,Correct,PASS,null,null,PASS,Wrong,UV,FAIL,Correct,Correct,PASS,Fail,Right,Yes,"Address,BH"
Practice1,"Amadeirado Móveis e DecoraçãoEstrada União e Indústria, Benfica, Região Geográfica Imediata de Petrópolis, Região Metropolitana do Rio de Janeiro, Região Geográfica Intermediária de Petrópolis, Rio de Janeiro, Região Sudeste, 25745-071, BrasilopenOther POI",UV,UV,PASS,null,null,PASS,UV,UV,PASS,null,null,PASS,null,null,PASS,null,null,PASS,null,null,PASS,UV,UV,PASS,null,null,PASS,null,null,PASS,null,null,PASS,null,null,PASS,UV,UV,PASS,null,null,PASS,UV,UV,PASS,UV,UV,PASS,Right,Right,No,
Practice1,"Quitanda Santo Antonio Campo GrandeCampo Grande, Mato Grosso do Sul, BrazilopenShopping, Food and Beverage Retail, Grocery Store, Green Grocers",UV,UV,PASS,null,null,PASS,Correct,UV,FAIL,null,null,PASS,null,null,PASS,null,null,PASS,null,null,PASS,UV,UV,PASS,null,null,PASS,null,null,PASS,null,null,PASS,null,null,PASS,Correct,UV,FAIL,null,null,PASS,UV,UV,PASS,UV,UV,PASS,Fail,Right,Yes,"Name,Catergory"
Practice1,"Churrascaria e Pizzaria Q' DeliciaRua da Independência, Paripe, Salvador, Salvador, Região Geográfica Imediata de Salvador, Região Metropolitana de Salvador, Região Geográfica Intermediária de Salvador, Bahia, Região Nordeste, 40800-570, BrasilopenFood and Drink, Restaurant, Barbecue Restaurant",Correct,Correct,PASS,null,null,PASS,Correct,Correct,PASS,null,null,PASS,null,null,PASS,null,null,PASS,null,null,PASS,Wrong,Wrong,PASS,"[""Minor Mistake"",""Major Mistake""]","[""Minor Mistake"",""Major Mistake""]",PASS,null,null,PASS,"[""Other Information"",""Repetition""]","[""Other Information"",""Repetition""]",PASS,"[""Wrong Road Name""]","[""Wrong Road Name""]",PASS,Correct,Correct,PASS,null,null,PASS,Correct,Correct,PASS,Correct,Correct,PASS,Right,Right,No,
Practice1,"Nossogaz LucianoCampinas, Sao Paulo, BrazilopenOffice and Industrial, Company, Gas Company",UV,UV,PASS,null,null,PASS,Correct,Correct,PASS,null,null,PASS,null,null,PASS,null,null,PASS,null,null,PASS,Wrong,Wrong,PASS,"[""Word Missing""]","[""Word Missing""]",PASS,"[""Missing Road Name"",""Missing House Number"",""Missing Province/City/District/Town""]","[""Missing Province/City/District/Town"",""Missing Road Name"",""Missing House Number""]",FAIL,null,null,PASS,null,null,PASS,Correct,Correct,PASS,null,null,PASS,Correct,Correct,PASS,Correct,Correct,PASS,Fail,Right,Yes,Address
Practice1,"Barangandan FestasEstação SESC-Pompéia, Rua Venâncio Aires, Pompéia, Perdizes, São Paulo, Região Imediata de São Paulo, Região Metropolitana de São Paulo, Região Geográfica Intermediária de São Paulo, São Paulo, Região Sudeste, 05022-000, BrasilopenOther POI",null,null,PASS,null,null,PASS,Wrong,Wrong,PASS,"[""Major Mistake""]","[""Major Mistake""]",PASS,null,null,PASS,"[""Not a POI""]","[""Not a POI""]",PASS,null,null,PASS,null,null,PASS,null,null,PASS,null,null,PASS,null,null,PASS,null,null,PASS,null,null,PASS,null,null,PASS,null,null,PASS,null,null,PASS,Right,Right,No,
Practice1,"ID MóveisEstrada da Água Espraiada, Água Espraiada, Caucaia do Alto, Cotia, Região Imediata de São Paulo, Região Metropolitana de São Paulo, Região Geográfica Intermediária de São Paulo, São Paulo, Região Sudeste, 06726-466, BrasilopenService, Home Improvement Service, Furniture Maker",null,UV,FAIL,null,null,PASS,null,Correct,FAIL,null,null,PASS,null,null,PASS,null,null,PASS,null,null,PASS,null,Wrong,FAIL,null,"[""Word Missing"",""Minor Mistake""]",FAIL,null,"[""Missing House Number""]",FAIL,null,"[""Other Information""]",FAIL,null,null,PASS,null,Correct,FAIL,null,null,PASS,null,UV,FAIL,null,Correct,FAIL,Fail,Right,Yes,"Status,Address,BH"
Practice1,"Campos Society PillaMarilia, Sao Paulo, BrazilopenOther POI",UV,UV,PASS,null,null,PASS,Correct,Correct,PASS,null,null,PASS,null,null,PASS,null,null,PASS,null,null,PASS,UV,UV,PASS,null,null,PASS,null,null,PASS,null,null,PASS,null,null,PASS,Wrong,Wrong,PASS,"[""L1 Wrong""]","[""L1 Wrong""]",PASS,UV,UV,PASS,Correct,Correct,PASS,Right,Right,No,
Practice1,"Podologia Vila Mariana (Podóloga Verônica de Oliveira)Sao Paulo, Sao Paulo, BrazilopenService, Health and Beauty Service, Beauty Salon",UV,UV,PASS,null,null,PASS,UV,UV,PASS,null,null,PASS,null,null,PASS,null,null,PASS,null,null,PASS,UV,UV,PASS,null,null,PASS,null,null,PASS,null,null,PASS,null,null,PASS,UV,UV,PASS,null,null,PASS,UV,UV,PASS,UV,UV,PASS,Right,Right,No,
Practice1,"Alicerce EducaçãoRua Benedito Soares Pinto, Campo Largo, Região Geográfica Imediata de Curitiba, Região Metropolitana de Curitiba, Região Geográfica Intermediária de Curitiba, Paraná, Região Sul, 83601-160, BrasilopenEducation, Education Center",Correct,UV,FAIL,null,null,PASS,Correct,Correct,PASS,null,null,PASS,null,null,PASS,null,null,PASS,null,null,PASS,Wrong,UV,FAIL,"[""Minor Mistake"",""Word Missing""]",null,FAIL,"[""Missing House Number""]",null,FAIL,"[""Other Information""]",null,FAIL,null,null,PASS,Correct,Correct,PASS,null,null,PASS,Correct,UV,FAIL,Correct,Correct,PASS,Fail,Right,Yes,"Status,Address"
Practice1,"REL Soluções em TIItaquaquecetuba, Sao Paulo, BrazilopenOffice and Industrial, Technology Business, IT Service",UV,UV,PASS,null,null,PASS,Correct,Correct,PASS,null,null,PASS,null,null,PASS,null,null,PASS,null,null,PASS,Wrong,Wrong,PASS,"[""Word Missing"",""Minor Mistake""]","[""Word Missing""]",FAIL,"[""Missing Province/City/District/Town"",""Missing Road Name"",""Missing House Number""]","[""Missing Road Name"",""Missing House Number"",""Missing Floor/Room Number""]",FAIL,"[""Other Information""]",null,FAIL,null,null,PASS,Correct,Correct,PASS,null,null,PASS,Wrong,Wrong,PASS,Correct,Correct,PASS,Fail,Right,Yes,Address
Practice1,"Malas Campinas e Modas Val SuperStarRua Bernardino Bonavita, Parque São Jorge, Campinas, Campinas, Região Imediata de Campinas, Região Metropolitana de Campinas, Região Geográfica Intermediária de Campinas, São Paulo, Região Sudeste, 13064-812, BrasilopenShopping, Bag Shop",UV,UV,PASS,null,null,PASS,Correct,Correct,PASS,null,null,PASS,null,null,PASS,null,null,PASS,null,null,PASS,Wrong,Wrong,PASS,"[""Minor Mistake"",""Major Mistake"",""Word Missing""]","[""Word Missing"",""Minor Mistake"",""Major Mistake""]",FAIL,"[""Missing House Number""]","[""Missing House Number""]",PASS,"[""Other Information"",""Repetition""]","[""Other Information"",""Repetition""]",PASS,"[""Wrong Road Name"",""Wrong Province/City/District/Town""]","[""Wrong Province/City/District/Town"",""Wrong Road Name""]",FAIL,Correct,Correct,PASS,null,null,PASS,UV,UV,PASS,Correct,Correct,PASS,Fail,Right,Yes,Address
Practice1,"Marcelo Tattoo Studio80, Rua Barão de Tramandaí, Vila Alpina, Vila Prudente, São Paulo, Região Imediata de São Paulo, Região Metropolitana de São Paulo, Região Geográfica Intermediária de São Paulo, São Paulo, Região Sudeste, 03207-000, BrasilopenService, Health and Beauty Service, Tattoo Shop",Correct,UV,FAIL,null,null,PASS,Correct,Correct,PASS,null,null,PASS,null,null,PASS,null,null,PASS,null,null,PASS,Wrong,UV,FAIL,"[""Major Mistake"",""Minor Mistake""]",null,FAIL,null,null,PASS,"[""Other Information""]",null,FAIL,"[""Wrong House Number""]",null,FAIL,Correct,Correct,PASS,null,null,PASS,Correct,UV,FAIL,Correct,UV,FAIL,Fail,Right,Yes,"Status,Address,BH,Tel"
Practice1,"Happy Pizza UberabaAvenida Leopoldino de Oliveira, Vila Frei Eugênio, Uberaba, Região Geográfica Imediata de Uberaba, Região Geográfica Intermediária de Uberaba, Minas Gerais, Região Sudeste, 38015-400, BrasilopenFood and Drink, Restaurant, Pizza Restaurant",Correct,Correct,PASS,null,null,PASS,Correct,Correct,PASS,null,null,PASS,null,null,PASS,null,null,PASS,null,null,PASS,Wrong,Wrong,PASS,"[""Minor Mistake"",""Word Missing"",""Major Mistake""]","[""Word Missing"",""Minor Mistake"",""Major Mistake""]",FAIL,"[""Missing House Number""]","[""Missing House Number""]",PASS,"[""Other Information""]","[""Other Information""]",PASS,"[""Wrong Province/City/District/Town""]","[""Wrong Province/City/District/Town""]",PASS,Correct,Correct,PASS,null,null,PASS,Correct,Correct,PASS,Correct,Correct,PASS,Fail,Right,Yes,Address
Practice2,"Residencial Parque dos LagosMogi Guacu, Sao Paulo, BrazilcloseResidential, Apartment Complex",Wrong,UV,FAIL,Open,null,FAIL,Correct,UV,FAIL,null,null,PASS,null,null,PASS,null,null,PASS,null,null,PASS,Wrong,UV,FAIL,"[""Word Missing""]",null,FAIL,"[""Missing Road Name"",""Missing House Number""]",null,FAIL,null,null,PASS,null,null,PASS,Correct,UV,FAIL,null,null,PASS,Correct,UV,FAIL,Correct,UV,FAIL,Fail,Right,Yes,"Status,Name,Address,Catergory,BH,Tel"
Practice2,"Andriolli e Azevedo - Advogados em AmericanaRua José Ferreira Aranha, Girassol, Americana, Americana, Região Imediata de Campinas, Região Metropolitana de Campinas, Região Geográfica Intermediária de Campinas, São Paulo, Região Sudeste, 13465240, BrasilopenService, Legal Service",UV,UV,PASS,null,null,PASS,Correct,Wrong,FAIL,null,"[""Minor Mistake""]",FAIL,null,"[""Other Information""]",FAIL,null,null,PASS,null,null,PASS,Wrong,Wrong,PASS,"[""Minor Mistake"",""Word Missing"",""Major Mistake""]","[""Word Missing"",""Minor Mistake""]",FAIL,"[""Missing House Number""]","[""Missing House Number""]",PASS,"[""Repetition"",""Other Information""]","[""Repetition"",""Other Information""]",PASS,"[""Wrong Province/City/District/Town""]",null,FAIL,Correct,Correct,PASS,null,null,PASS,Correct,Correct,PASS,Correct,Correct,PASS,Fail,Fail,No,
Practice2,"Empporium Frei Caneca - Revendedor Exclusivo Deca2150, Avenida Ayrton Senna, Barra da Tijuca, Rio de Janeiro, Região Geográfica Imediata do Rio de Janeiro, Região Metropolitana do Rio de Janeiro, Região Geográfica Intermediária do Rio de Janeiro, Rio de Janeiro, Região Sudeste, 22775-900, BrasilopenOffice and Industrial, Company",Correct,UV,FAIL,null,null,PASS,Correct,Wrong,FAIL,null,"[""Minor Mistake""]",FAIL,null,"[""Other Information""]",FAIL,null,null,PASS,null,null,PASS,Wrong,Wrong,PASS,"[""Minor Mistake"",""Word Missing""]","[""Word Missing"",""Minor Mistake""]",FAIL,"[""Missing Floor/Room Number"",""Missing Building Name""]","[""Missing Floor/Room Number""]",FAIL,"[""Other Information""]","[""Other Information""]",PASS,null,null,PASS,Correct,Correct,PASS,null,null,PASS,Wrong,UV,FAIL,Correct,Correct,PASS,Fail,Right,Yes,"Status,Address,BH"
Practice2,"Lanches MariniAv Pio XII, Capivari, Capivari, Região Imediata de Piracicaba, Região Metropolitana de Piracicaba, Região Geográfica Intermediária de Campinas, São Paulo, Região Sudeste, 13370-000, BrasilopenFood and Drink, Restaurant, Snack Bar",UV,UV,PASS,null,null,PASS,Correct,Correct,PASS,null,null,PASS,null,null,PASS,null,null,PASS,null,null,PASS,Wrong,Wrong,PASS,"[""Minor Mistake"",""Word Missing""]","[""Word Missing"",""Minor Mistake""]",FAIL,"[""Missing House Number""]","[""Missing Province/City/District/Town"",""Missing House Number""]",FAIL,"[""Other Information"",""Repetition""]","[""Repetition"",""Other Information""]",FAIL,null,null,PASS,Correct,Correct,PASS,null,null,PASS,UV,Correct,FAIL,Correct,Correct,PASS,Fail,Right,Yes,BH
Practice2,"Kennifa Santos - Espaço Estética e BelezaManaus, Amazonas, BrazilopenService, Health and Beauty Service, Beauty Salon",UV,UV,PASS,null,null,PASS,Correct,UV,FAIL,null,null,PASS,null,null,PASS,null,null,PASS,null,null,PASS,UV,UV,PASS,null,null,PASS,null,null,PASS,null,null,PASS,null,null,PASS,Correct,UV,FAIL,null,null,PASS,UV,UV,PASS,Correct,UV,FAIL,Fail,Right,Yes,"Name,Catergory,Tel"
Practice2,"DepilartEstrada da Curva do Carneiro, Vila dos Comerciários, Lorena, Lorena, Região Imediata de Guaratinguetá, Região Metropolitana do Vale do Paraíba e Litoral Norte, Região Geográfica Intermediária de São José dos Campos, São Paulo, Região Sudeste, 12610-520, BrasilopenService, Health and Beauty Service, Hair Removal Service",Correct,UV,FAIL,null,null,PASS,Correct,Correct,PASS,null,null,PASS,null,null,PASS,null,null,PASS,null,null,PASS,Wrong,Wrong,PASS,"[""Minor Mistake"",""Others"",""Major Mistake""]","[""Word Missing"",""Minor Mistake"",""Major Mistake""]",FAIL,null,"[""Missing House Number""]",FAIL,"[""Other Information"",""Repetition""]","[""Other Information"",""Repetition""]",PASS,"[""Wrong Road Name""]","[""Wrong Road Name""]",PASS,Correct,Correct,PASS,null,null,PASS,UV,UV,PASS,Correct,Correct,PASS,Fail,Right,Yes,"Status,Address"
Practice2,"Kumon Unidade Santos DumontAlameda Santos Dumont, Conjunto Santos Dumont, Da Paz, Manaus, Manaus, Região Geográfica Imediata de Manaus, Região Geográfica Intermediária de Manaus, Amazonas, Região Norte, 69000-000, BrasilopenEducation, School",Correct,Correct,PASS,null,null,PASS,Correct,Correct,PASS,null,null,PASS,null,null,PASS,null,null,PASS,null,null,PASS,Wrong,Wrong,PASS,"[""Minor Mistake"",""Major Mistake"",""Word Missing""]","[""Word Missing"",""Minor Mistake"",""Major Mistake""]",FAIL,"[""Missing House Number"",""Missing Floor/Room Number""]","[""Missing Floor/Room Number"",""Missing House Number""]",FAIL,"[""Other Information"",""Repetition""]","[""Other Information""]",FAIL,"[""Wrong Road Name""]","[""Wrong Road Name""]",PASS,Correct,Correct,PASS,null,null,PASS,Correct,Correct,PASS,Correct,UV,FAIL,Fail,Right,Yes,"Address,Tel"
Practice2,"VR Materiais ElétricosVila Pompéia, Ribeirão Preto, Ribeirão Preto, Região Imediata de Ribeirão Preto, Região Metropolitana de Ribeirão Preto, Região Geográfica Intermediária de Ribeirão Preto, São Paulo, Região Sudeste, 14060680, BrasilopenShopping, Furniture and Home Store, Home Appliance Store",UV,UV,PASS,null,null,PASS,Correct,UV,FAIL,null,null,PASS,null,null,PASS,null,null,PASS,null,null,PASS,Wrong,UV,FAIL,"[""Minor Mistake"",""Major Mistake"",""Word Missing""]",null,FAIL,"[""Missing House Number"",""Missing Road Name""]",null,FAIL,"[""Other Information"",""Repetition""]",null,FAIL,"[""Wrong Province/City/District/Town""]",null,FAIL,Correct,UV,FAIL,null,null,PASS,UV,UV,PASS,Correct,UV,FAIL,Fail,Right,Yes,Name
Practice2,"Cw3 Filial CatalaoRua Moises Santana, Catalão, Região Geográfica Imediata de Catalão, Região Geográfica Intermediária de Goiânia, Goiás, Região Centro-Oeste, 75701972, BrasilopenService, Logistic Service, Trucking Company",Correct,Correct,PASS,null,null,PASS,Correct,Correct,PASS,null,null,PASS,null,null,PASS,null,null,PASS,null,null,PASS,Wrong,Wrong,PASS,"[""Minor Mistake"",""Major Mistake"",""Word Missing""]","[""Word Missing"",""Major Mistake"",""Minor Mistake""]",FAIL,"[""Missing House Number"",""Missing Province/City/District/Town""]","[""Missing Province/City/District/Town"",""Missing House Number"",""Missing Floor/Room Number""]",FAIL,"[""Other Information""]","[""Other Information""]",PASS,"[""Wrong Road Name""]","[""Wrong Road Name""]",PASS,Correct,Correct,PASS,null,null,PASS,Correct,UV,FAIL,Correct,Correct,PASS,Fail,Right,Yes,"Address,BH"
Practice2,"Segurança OperáriaAvenida dos Municípios, Operário, Campo Bom, Campo Bom, Região Geográfica Imediata de Novo Hamburgo - São Leopoldo, Região Metropolitana de Porto Alegre, Região Geográfica Intermediária de Porto Alegre, Rio Grande do Sul, Região Sul, 93542-870, BrasilopenService, Security Service, Security Service",UV,UV,PASS,null,null,PASS,Correct,Correct,PASS,null,null,PASS,null,null,PASS,null,null,PASS,null,null,PASS,UV,UV,PASS,null,null,PASS,null,null,PASS,null,null,PASS,null,null,PASS,Correct,Correct,PASS,null,null,PASS,Correct,Correct,PASS,Correct,UV,FAIL,Fail,Right,Yes,Tel
Practice2,"Agrisolo Comércio e ServiçosFraiburgo, Santa Catarina, BrazilopenOffice and Industrial, Company, Construction Company",UV,UV,PASS,null,null,PASS,Correct,Correct,PASS,null,null,PASS,null,null,PASS,null,null,PASS,null,null,PASS,Wrong,Wrong,PASS,"[""Word Missing""]","[""Word Missing""]",PASS,"[""Missing House Number"",""Missing Road Name"",""Missing Province/City/District/Town""]","[""Missing Road Name"",""Missing House Number""]",FAIL,null,null,PASS,null,null,PASS,Correct,Correct,PASS,null,null,PASS,Wrong,Wrong,PASS,Correct,Correct,PASS,Fail,Right,Yes,Address
Practice2,"HF IMPORTADOSRua Capitão Vanderley, Piçarreira, Teresina, Região Geográfica Imediata de Teresina, Região Integrada de Desenvolvimento da Grande Teresina, Região Geográfica Intermediária de Teresina, Piauí, Região Nordeste, 64055-330, BrasilopenShopping, Computers and Electronics Retail, Electronics Store",UV,UV,PASS,null,null,PASS,Correct,Correct,PASS,null,null,PASS,null,null,PASS,null,null,PASS,null,null,PASS,Wrong,Wrong,PASS,"[""Minor Mistake"",""Word Missing""]","[""Word Missing"",""Minor Mistake""]",FAIL,"[""Missing House Number""]","[""Missing House Number""]",PASS,"[""Other Information""]","[""Other Information""]",PASS,null,null,PASS,Correct,Correct,PASS,null,null,PASS,UV,Correct,FAIL,UV,Correct,FAIL,Fail,Right,Yes,"Address,BH,Tel"
Practice2,"GasSolar Aquecedores e AcessóriosAvenida Antônio Frederico Ozanam, Vila Agostinho Zambon, Vila Rio Branco, Jundiaí, Jundiaí, Região Imediata de Jundiaí, Região Geográfica Intermediária de Campinas, São Paulo, Região Sudeste, 13215-011, BrasilopenOffice and Industrial, Company, Heating Equipment Supplier",UV,UV,PASS,null,null,PASS,Correct,Correct,PASS,null,null,PASS,null,null,PASS,null,null,PASS,null,null,PASS,Wrong,Wrong,PASS,"[""Minor Mistake"",""Word Missing""]","[""Word Missing"",""Minor Mistake""]",FAIL,"[""Missing House Number"",""Missing Floor/Room Number""]","[""Missing House Number""]",FAIL,"[""Other Information"",""Repetition"",""Misspell""]","[""Repetition"",""Other Information""]",FAIL,null,null,PASS,Correct,Correct,PASS,null,null,PASS,Correct,Correct,PASS,Correct,Correct,PASS,Fail,Right,Yes,Address
Practice2,"Dantral Comércio e Servicos ElétricosRua Zeferino Alves de Oliveira, Núcleo Ponta Alta, Bonsucesso, Jardim Presidente Dutra, Guarulhos, Região Imediata de São Paulo, Região Metropolitana de São Paulo, Região Geográfica Intermediária de São Paulo, São Paulo, Região Sudeste, 07179-000, BrasilopenOffice and Industrial, Company, Electrical Engineer",UV,UV,PASS,null,null,PASS,Correct,Correct,PASS,null,null,PASS,null,null,PASS,null,null,PASS,null,null,PASS,Wrong,UV,FAIL,"[""Minor Mistake"",""Major Mistake"",""Word Missing""]",null,FAIL,"[""Missing House Number""]",null,FAIL,"[""Other Information""]",null,FAIL,"[""Wrong Province/City/District/Town""]",null,FAIL,Correct,Correct,PASS,null,null,PASS,UV,UV,PASS,Correct,UV,FAIL,Fail,Right,Yes,"Address,Tel"
Practice2,"Loyalty TattooSorocaba, Sao Paulo, BrazilopenService, Health and Beauty Service, Tattoo Shop",UV,UV,PASS,null,null,PASS,Correct,Correct,PASS,null,null,PASS,null,null,PASS,null,null,PASS,null,null,PASS,UV,UV,PASS,null,null,PASS,null,null,PASS,null,null,PASS,null,null,PASS,Correct,Correct,PASS,null,null,PASS,UV,Correct,FAIL,Correct,Correct,PASS,Fail,Right,Yes,BH
Practice2,"Granvittà Medicina Fetal e Saúde da MulherRua Bento Gonçalves, Centro, Primeiro Distrito, Caxias do Sul, Região Geográfica Imediata de Caxias do Sul, Região Geográfica Intermediária de Caxias do Sul, Rio Grande do Sul, Região Sul, 95020-412, BrasilopenOffice and Industrial, Company",Correct,Correct,PASS,null,null,PASS,Correct,Correct,PASS,null,null,PASS,null,null,PASS,null,null,PASS,null,null,PASS,UV,Wrong,FAIL,null,"[""Word Missing"",""Major Mistake"",""Minor Mistake""]",FAIL,null,"[""Missing House Number"",""Missing Floor/Room Number""]",FAIL,null,"[""Other Information""]",FAIL,null,"[""Wrong Road Name""]",FAIL,Wrong,Correct,FAIL,"[""L2 Wrong"",""L1 Wrong""]",null,FAIL,UV,UV,PASS,Correct,Correct,PASS,Fail,Right,Yes,Catergory
Practice2,"Opção Imobiliária696, Alameda Yayá, Torres Tibagy, Guarulhos, Guarulhos, Região Imediata de São Paulo, Região Metropolitana de São Paulo, Região Geográfica Intermediária de São Paulo, São Paulo, Região Sudeste, 07060-000, BrasilopenService, Real Estate Service, Real Estate Agency",UV,UV,PASS,null,null,PASS,Correct,Correct,PASS,null,null,PASS,null,null,PASS,null,null,PASS,null,null,PASS,Wrong,Wrong,PASS,"[""Minor Mistake"",""Major Mistake""]","[""Minor Mistake"",""Major Mistake""]",PASS,null,null,PASS,"[""Other Information"",""Repetition""]","[""Repetition"",""Other Information""]",FAIL,"[""Wrong House Number"",""Wrong Province/City/District/Town""]","[""Wrong Province/City/District/Town"",""Wrong House Number""]",FAIL,Correct,Correct,PASS,null,null,PASS,UV,UV,PASS,Correct,UV,FAIL,Fail,Right,Yes,"Address,Tel"
Practice2,"Doce PimentaAvenida Rubens Caramez, Vila Aurora, Parque Suburbano, Itapevi, Itapevi, Região Imediata de São Paulo, Região Metropolitana de São Paulo, Região Geográfica Intermediária de São Paulo, São Paulo, Região Sudeste, 06663-300, BrasilopenShopping, Clothing Store",Correct,UV,FAIL,null,null,PASS,Correct,Correct,PASS,null,null,PASS,null,null,PASS,null,null,PASS,null,null,PASS,Wrong,Wrong,PASS,"[""Minor Mistake"",""Word Missing"",""Major Mistake""]","[""Word Missing"",""Minor Mistake"",""Major Mistake""]",FAIL,"[""Missing House Number""]","[""Missing House Number"",""Missing Floor/Room Number""]",FAIL,"[""Other Information"",""Repetition""]","[""Repetition"",""Other Information""]",FAIL,"[""Wrong Province/City/District/Town""]","[""Wrong Province/City/District/Town""]",PASS,Correct,Correct,PASS,null,null,PASS,Wrong,UV,FAIL,UV,Correct,FAIL,Fail,Fail,Yes,"Status,Address"
Practice2,"Advogada - Ana GuilhermeRua Dercy Gonçalves, Adrianópolis, Manaus, Manaus, Região Geográfica Imediata de Manaus, Região Geográfica Intermediária de Manaus, Amazonas, Região Norte, 69000-000, BrasilopenService, Legal Service, Tax Attorney",UV,UV,PASS,null,null,PASS,UV,UV,PASS,null,null,PASS,null,null,PASS,null,null,PASS,null,null,PASS,UV,UV,PASS,null,null,PASS,null,null,PASS,null,null,PASS,null,null,PASS,UV,UV,PASS,null,null,PASS,UV,UV,PASS,UV,UV,PASS,Right,Right,No,
Practice2,"Borba Móveis1329, Rodovia José Spilere, Vila Higino Romagna, Nova Veneza, Região Geográfica Imediata de Criciúma, Região Geográfica Intermediária de Criciúma, Santa Catarina, 88868-000, BrasilopenShopping, Furniture and Home Store",Correct,Correct,PASS,null,null,PASS,Correct,Correct,PASS,null,null,PASS,null,null,PASS,null,null,PASS,null,null,PASS,Wrong,Wrong,PASS,"[""Minor Mistake""]","[""Minor Mistake"",""Major Mistake""]",FAIL,null,null,PASS,"[""Other Information""]","[""Other Information""]",PASS,null,"[""Wrong House Number""]",FAIL,Correct,Correct,PASS,null,null,PASS,UV,UV,PASS,Correct,Correct,PASS,Fail,Fail,No,
Practice2,"Caldeiraria e Funilaria Pavão - reforma e manutenção de equipamentos agrícolas, rodoviários e automotivosSanta Cruz das Palmeiras, Sao Paulo, BrazilopenService, Repair Service",UV,UV,PASS,null,null,PASS,Correct,Wrong,FAIL,null,"[""Minor Mistake""]",FAIL,null,"[""Other Information""]",FAIL,null,null,PASS,null,null,PASS,Wrong,Wrong,PASS,"[""Minor Mistake""]","[""Word Missing""]",FAIL,null,"[""Missing Province/City/District/Town"",""Missing Road Name"",""Missing House Number""]",FAIL,"[""Other Information""]",null,FAIL,null,null,PASS,Correct,Correct,PASS,null,null,PASS,Correct,Correct,PASS,Correct,Correct,PASS,Fail,Fail,Yes,Name
Practice2,"Select Car MultimarcasRua São Joaquim, Vila Lutfalla, Jardim Santa Felícia, São Carlos, Região Imediata de São Carlos, Região Geográfica Intermediária de Araraquara, São Paulo, Região Sudeste, 13570-591, BrasilopenShopping, Automotive Retail, Car Dealership, Used Car Dealership",UV,UV,PASS,null,null,PASS,Correct,Correct,PASS,null,null,PASS,null,null,PASS,null,null,PASS,null,null,PASS,Wrong,Wrong,PASS,"[""Minor Mistake"",""Major Mistake"",""Word Missing""]","[""Word Missing"",""Minor Mistake"",""Major Mistake""]",FAIL,"[""Missing House Number""]","[""Missing House Number""]",PASS,"[""Other Information""]","[""Other Information""]",PASS,"[""Wrong Province/City/District/Town""]","[""Wrong Province/City/District/Town""]",PASS,Correct,Correct,PASS,null,null,PASS,Wrong,Wrong,PASS,Correct,Correct,PASS,Fail,Right,Yes,Address
Practice2,"Bike Shop MaringaAvenida Mauá, 2857, Avenida Mauá, Zona 01, Maringá, Região Geográfica Imediata de Maringá, Região Geográfica Intermediária de Maringá, Paraná, Região Sul, 87013020, BrasilopenShopping, Sporting Goods Store, Bicycle Store",UV,UV,PASS,null,null,PASS,Correct,Correct,PASS,null,null,PASS,null,null,PASS,null,null,PASS,null,null,PASS,Wrong,UV,FAIL,"[""Minor Mistake"",""Major Mistake""]",null,FAIL,null,null,PASS,"[""Other Information"",""Repetition""]",null,FAIL,"[""Wrong House Number"",""Wrong Province/City/District/Town""]",null,FAIL,Correct,Correct,PASS,null,null,PASS,Correct,UV,FAIL,Correct,Correct,PASS,Fail,Right,Yes,Address
Practice2,"Vallis Clínica MédicaAvenida Damião Junqueira de Souza, Nossa Senhora de Fátima, São Lourenço, Região Geográfica Imediata de São Lourenço, Região Geográfica Intermediária de Pouso Alegre, Minas Gerais, Região Sudeste, 37470000, BrasilopenHealth, Clinic",UV,UV,PASS,null,null,PASS,Correct,Correct,PASS,null,null,PASS,null,null,PASS,null,null,PASS,null,null,PASS,Wrong,Wrong,PASS,"[""Minor Mistake"",""Major Mistake"",""Word Missing""]","[""Word Missing"",""Minor Mistake"",""Major Mistake""]",FAIL,"[""Missing House Number""]","[""Missing House Number""]",PASS,"[""Other Information""]","[""Other Information""]",PASS,"[""Wrong Road Name"",""Wrong Province/City/District/Town""]","[""Wrong Province/City/District/Town"",""Wrong Road Name""]",FAIL,Correct,Correct,PASS,null,null,PASS,UV,UV,PASS,Correct,Correct,PASS,Fail,Right,Yes,Address
Practice2,"VIA MAR ACTIVEWEARRua General Aldemar Rocha, Jóquei, Teresina, Região Geográfica Imediata de Teresina, Região Integrada de Desenvolvimento da Grande Teresina, Região Geográfica Intermediária de Teresina, Piauí, Região Nordeste, 64049740, BrasilopenShopping, Sporting Goods Store, Sportswear Store",Correct,UV,FAIL,null,null,PASS,Correct,Correct,PASS,null,null,PASS,null,null,PASS,null,null,PASS,null,null,PASS,Wrong,Wrong,PASS,"[""Minor Mistake"",""Major Mistake"",""Word Missing""]","[""Word Missing"",""Minor Mistake"",""Major Mistake""]",FAIL,"[""Missing House Number""]","[""Missing House Number""]",PASS,"[""Other Information""]","[""Other Information""]",PASS,"[""Wrong Road Name""]","[""Wrong Road Name""]",PASS,Correct,Correct,PASS,null,null,PASS,UV,Correct,FAIL,Correct,Correct,PASS,Fail,Right,Yes,"Status,Address"
Practice2,"Democratas Diretório Regional do Paraná42, Rua José Sabóia Cortes, Ahú, Curitiba, Região Geográfica Imediata de Curitiba, Região Metropolitana de Curitiba, Região Geográfica Intermediária de Curitiba, Paraná, Região Sul, 80504-000, BrasilopenOffice and Industrial, Organization, Political Party",null,UV,FAIL,null,null,PASS,Wrong,Correct,FAIL,"[""Major Mistake""]",null,FAIL,null,null,PASS,"[""Sensitive""]",null,FAIL,null,null,PASS,null,UV,FAIL,null,null,PASS,null,null,PASS,null,null,PASS,null,null,PASS,null,UV,FAIL,null,null,PASS,null,UV,FAIL,null,UV,FAIL,Fail,Right,Yes,Name
Practice2,"Salva Meu Cabelo!Rua Francisco Guimarães, Bosque, Alvorada, Vila Velha, Região Geográfica Imediata de Vitória, Região Metropolitana da Grande Vitória, Região Geográfica Intermediária de Vitória, Espírito Santo, Região Sudeste, 29117-126, BrasilopenShopping, Cosmetics Store",UV,UV,PASS,null,null,PASS,Correct,Correct,PASS,null,null,PASS,null,null,PASS,null,null,PASS,null,null,PASS,Wrong,UV,FAIL,"[""Minor Mistake"",""Word Missing""]",null,FAIL,"[""Missing House Number""]",null,FAIL,"[""Other Information""]",null,FAIL,null,null,PASS,Correct,UV,FAIL,null,null,PASS,UV,UV,PASS,Correct,Correct,PASS,Fail,Right,Yes,"Address,Catergory"
Practice2,"CASA DE REPOUSO - Chácara Mandaqui141, Rua Doutor Orlando Zamitti Mammana, Vila Aurora, Mandaqui, São Paulo, Região Imediata de São Paulo, Região Metropolitana de São Paulo, Região Geográfica Intermediária de São Paulo, São Paulo, Região Sudeste, 02417-022, BrasilopenHealth, Hospice",UV,UV,PASS,null,null,PASS,Correct,Correct,PASS,null,null,PASS,null,null,PASS,null,null,PASS,null,null,PASS,Wrong,Wrong,PASS,"[""Minor Mistake"",""Major Mistake""]","[""Minor Mistake"",""Major Mistake""]",PASS,null,null,PASS,"[""Other Information""]","[""Other Information"",""Repetition""]",FAIL,"[""Wrong House Number""]","[""Wrong House Number""]",PASS,Correct,Correct,PASS,null,null,PASS,UV,UV,PASS,Correct,Correct,PASS,Fail,Right,Yes,Address
Practice2,"Consórcio Embracon Belém2438, Travessa 14 de Março, Cremação, Belém, Belém, Região Geográfica Imediata de Belém, Região Geográfica Intermediária de Belém, Pará, Região Norte, 66040-360, BrasilopenService, Financial Service",Correct,null,FAIL,null,null,PASS,Correct,Wrong,FAIL,null,"[""Major Mistake""]",FAIL,null,null,PASS,null,"[""Not a POI""]",FAIL,null,null,PASS,Wrong,null,FAIL,"[""Major Mistake"",""Minor Mistake""]",null,FAIL,null,null,PASS,"[""Other Information"",""Repetition""]",null,FAIL,"[""Wrong Road Name"",""Wrong House Number""]",null,FAIL,Correct,null,FAIL,null,null,PASS,Wrong,null,FAIL,Correct,null,FAIL,Fail,Right,Yes,Name
Practice2,"Bella JuSao Jose do Rio Preto, Sao Paulo, BrazilopenShopping, Clothing Store",Correct,UV,FAIL,null,null,PASS,Correct,Correct,PASS,null,null,PASS,null,null,PASS,null,null,PASS,null,null,PASS,Wrong,Wrong,PASS,"[""Word Missing""]","[""Word Missing""]",PASS,"[""Missing House Number"",""Missing Road Name"",""Missing Province/City/District/Town""]","[""Missing Road Name"",""Missing Province/City/District/Town"",""Missing House Number""]",FAIL,null,null,PASS,null,null,PASS,Correct,Correct,PASS,null,null,PASS,Correct,UV,FAIL,Correct,Correct,PASS,Fail,Right,Yes,"Status,Address"
Practice2,"Okamura EquipamentosRua Adélia, Granja Viana, Cotia, Cotia, Região Imediata de São Paulo, Região Metropolitana de São Paulo, Região Geográfica Intermediária de São Paulo, São Paulo, Região Sudeste, 06708230, BrasilopenService, Agriculture, Livestock and Forestry Service, Farm Equipment Supplier",UV,UV,PASS,null,null,PASS,Correct,Correct,PASS,null,null,PASS,null,null,PASS,null,null,PASS,null,null,PASS,Wrong,Wrong,PASS,"[""Minor Mistake"",""Major Mistake"",""Word Missing"",""Others""]","[""Word Missing"",""Major Mistake"",""Minor Mistake""]",FAIL,"[""Missing House Number""]","[""Missing House Number""]",PASS,"[""Other Information"",""Repetition""]","[""Other Information"",""Repetition""]",PASS,"[""Wrong Province/City/District/Town""]","[""Wrong Province/City/District/Town""]",PASS,Correct,Correct,PASS,null,null,PASS,UV,UV,PASS,Correct,UV,FAIL,Fail,Right,Yes,Address
Practice2,"Cirúrgica GonçalvesRua Ipião, Centro, Araxá, Região Geográfica Imediata de Araxá, Região Geográfica Intermediária de Uberaba, Minas Gerais, Região Sudeste, 38180-084, BrasilopenOther POI",UV,UV,PASS,null,null,PASS,Correct,Correct,PASS,null,null,PASS,null,null,PASS,null,null,PASS,null,null,PASS,Wrong,UV,FAIL,"[""Minor Mistake"",""Major Mistake"",""Word Missing""]",null,FAIL,"[""Missing House Number""]",null,FAIL,"[""Other Information""]",null,FAIL,"[""Wrong Road Name""]",null,FAIL,Wrong,Wrong,PASS,"[""L1 Wrong""]","[""L1 Wrong""]",PASS,UV,UV,PASS,Correct,Correct,PASS,Fail,Right,Yes,Address
Practice2,"1º Oficio de Registro GaruvaAvenida Celso Ramos, Centro, Garuva, Região Geográfica Imediata de Joinville, Região Geográfica Intermediária de Joinville, Santa Catarina, 89248-000, BrasilopenOffice and Industrial, Office",UV,UV,PASS,null,null,PASS,Correct,Correct,PASS,null,null,PASS,null,null,PASS,null,null,PASS,null,null,PASS,Wrong,Wrong,PASS,"[""Word Missing"",""Minor Mistake""]","[""Word Missing"",""Minor Mistake""]",PASS,"[""Missing House Number""]","[""Missing House Number""]",PASS,"[""Other Information""]","[""Other Information""]",PASS,null,null,PASS,Correct,Correct,PASS,null,null,PASS,Correct,UV,FAIL,Correct,Correct,PASS,Fail,Fail,No,
Practice2,"Thiago MultimarcasRua Oscar Dias de Macedo, Jardim das Araucárias II, Castro, Região Geográfica Imediata de Ponta Grossa, Região Geográfica Intermediária de Ponta Grossa, Paraná, Região Sul, 84172-520, BrasilopenShopping, Automotive Retail, Car Dealership, Used Car Dealership",Correct,UV,FAIL,null,null,PASS,Correct,Correct,PASS,null,null,PASS,null,null,PASS,null,null,PASS,null,null,PASS,Wrong,UV,FAIL,"[""Minor Mistake"",""Major Mistake""]",null,FAIL,null,null,PASS,"[""Other Information""]",null,FAIL,"[""Wrong Road Name"",""Wrong Province/City/District/Town""]",null,FAIL,Correct,Correct,PASS,null,null,PASS,Wrong,UV,FAIL,Correct,UV,FAIL,Fail,Right,Yes,"Status,Address,BH,Tel"
Practice2,"Bless Moda MasculinaAvenida General Carlos Guedes, Campo Alegre, Campo Alegre, Regional Norte, Belo Horizonte, Região Geográfica Imediata de Belo Horizonte, Região Metropolitana de Belo Horizonte, Região Geográfica Intermediária de Belo Horizonte, Minas Gerais, Região Sudeste, 31720-440, BrasilopenShopping, Clothing Store, Man Clothing Store",Correct,null,FAIL,null,null,PASS,Correct,Correct,PASS,null,null,PASS,null,null,PASS,null,null,PASS,null,null,PASS,Wrong,Wrong,PASS,"[""Minor Mistake"",""Major Mistake"",""Word Missing""]","[""Word Missing"",""Minor Mistake"",""Major Mistake""]",FAIL,"[""Missing House Number""]","[""Missing House Number""]",PASS,"[""Other Information"",""Repetition""]","[""Repetition"",""Other Information""]",FAIL,"[""Wrong Road Name"",""Wrong Province/City/District/Town""]","[""Wrong Province/City/District/Town"",""Wrong Road Name""]",FAIL,Correct,Correct,PASS,null,null,PASS,UV,UV,PASS,UV,UV,PASS,Fail,Right,Yes,"Status,Address"
Practice2,"Apego DoceRua Eufrásio de Oliveira, Belo Horizonte, Mossoró, Mossoró, Região Geográfica Imediata de Mossoró, Região Geográfica Intermediária de Mossoró, Rio Grande do Norte, Região Nordeste, 59604200, BrasilopenShopping, Food and Beverage Retail, Candy Store",UV,UV,PASS,null,null,PASS,Correct,UV,FAIL,null,null,PASS,null,null,PASS,null,null,PASS,null,null,PASS,UV,UV,PASS,null,null,PASS,null,null,PASS,null,null,PASS,null,null,PASS,Correct,UV,FAIL,null,null,PASS,UV,UV,PASS,UV,UV,PASS,Fail,Right,Yes,Name
Practice2,"Plantão de Vendas Yticon - MaringáAvenida Mandacaru, Conjunto Residencial Planvile, Maringá, Região Geográfica Imediata de Maringá, Região Geográfica Intermediária de Maringá, Paraná, Região Sul, 87080-563, BrasilopenOffice and Industrial, Company, Construction Company",Correct,Correct,PASS,null,null,PASS,Correct,Correct,PASS,null,null,PASS,null,null,PASS,null,null,PASS,null,null,PASS,Wrong,Wrong,PASS,"[""Word Missing"",""Minor Mistake"",""Major Mistake""]","[""Minor Mistake"",""Word Missing"",""Major Mistake""]",FAIL,"[""Missing House Number""]","[""Missing House Number""]",PASS,"[""Other Information""]","[""Other Information""]",PASS,"[""Wrong Province/City/District/Town""]","[""Wrong Province/City/District/Town""]",PASS,Correct,Correct,PASS,null,null,PASS,Correct,UV,FAIL,Correct,UV,FAIL,Fail,Right,Yes,"Address,BH,Tel"
Practice2,"Kindrone Imagens Aereas266, Rua Capitão Ferraiuolo, Água Rasa, Água Rasa, São Paulo, Região Imediata de São Paulo, Região Metropolitana de São Paulo, Região Geográfica Intermediária de São Paulo, São Paulo, Região Sudeste, 03348-000, BrasilopenService, Photography Service, Aerial Photographer",UV,UV,PASS,null,null,PASS,Correct,UV,FAIL,null,null,PASS,null,null,PASS,null,null,PASS,null,null,PASS,UV,UV,PASS,null,null,PASS,null,null,PASS,null,null,PASS,null,null,PASS,Correct,UV,FAIL,null,null,PASS,UV,UV,PASS,Correct,UV,FAIL,Fail,Right,Yes,Name
Practice2,"ÁPICE PROFISSIONALRua Flores Do Piauí, Rua Flores do Piauí, Vila Carmosina, Itaquera, São Paulo, Região Imediata de São Paulo, Região Metropolitana de São Paulo, Região Geográfica Intermediária de São Paulo, São Paulo, Região Sudeste, 08210-200, BrasilopenEducation, School, Private School",UV,UV,PASS,null,null,PASS,Correct,Correct,PASS,null,null,PASS,null,null,PASS,null,null,PASS,null,null,PASS,Wrong,Wrong,PASS,"[""Minor Mistake"",""Word Missing""]","[""Minor Mistake"",""Word Missing""]",PASS,"[""Missing House Number""]","[""Missing Road Name""]",FAIL,"[""Other Information"",""Repetition""]","[""Other Information"",""Repetition""]",PASS,null,null,PASS,Correct,Correct,PASS,null,null,PASS,Wrong,UV,FAIL,UV,UV,PASS,Fail,Fail,Yes,Address
Practice2,"Dtwo Wedding | Vestidos de Festa127, Rua Venezuela, Ponta Aguda, Blumenau, Região Geográfica Imediata de Blumenau, Região Geográfica Intermediária de Blumenau, Santa Catarina, 89050-000, BrasilopenShopping, Clothing Store",UV,UV,PASS,null,null,PASS,Correct,Correct,PASS,null,null,PASS,null,null,PASS,null,null,PASS,null,null,PASS,Wrong,Wrong,PASS,"[""Major Mistake"",""Minor Mistake""]","[""Minor Mistake"",""Major Mistake""]",FAIL,null,null,PASS,"[""Other Information""]","[""Other Information""]",PASS,"[""Wrong House Number""]","[""Wrong House Number""]",PASS,Correct,Correct,PASS,null,null,PASS,UV,UV,PASS,Correct,Correct,PASS,Fail,Right,Yes,Address
Practice2,"VenuxxPlaza II, Rua James Joule, Brooklin Novo, Itaim Bibi, São Paulo, Região Imediata de São Paulo, Região Metropolitana de São Paulo, Região Geográfica Intermediária de São Paulo, São Paulo, Região Sudeste, 04571-011, BrasilopenService, Transportation Service",UV,UV,PASS,null,null,PASS,Correct,Correct,PASS,null,null,PASS,null,null,PASS,null,null,PASS,null,null,PASS,Wrong,UV,FAIL,"[""Minor Mistake"",""Major Mistake"",""Word Missing""]",null,FAIL,"[""Missing House Number""]",null,FAIL,"[""Other Information""]",null,FAIL,"[""Wrong Province/City/District/Town""]",null,FAIL,Correct,Correct,PASS,null,null,PASS,UV,UV,PASS,Correct,UV,FAIL,Fail,Right,Yes,"Address,Tel"
Practice2,"Maxifarma MatinhosAvenida Londrina, Caiobá, Matinhos, Região Geográfica Imediata de Paranaguá, Região Geográfica Intermediária de Curitiba, Paraná, Região Sul, 83260-000, BrasilopenHealth, Health and Medicine Store, Pharmacy",Correct,UV,FAIL,null,null,PASS,Correct,Correct,PASS,null,null,PASS,null,null,PASS,null,null,PASS,null,null,PASS,Wrong,Wrong,PASS,"[""Minor Mistake"",""Word Missing"",""Major Mistake""]","[""Word Missing"",""Minor Mistake"",""Major Mistake""]",FAIL,"[""Missing House Number""]","[""Missing House Number""]",PASS,"[""Other Information""]","[""Other Information""]",PASS,"[""Wrong Road Name""]","[""Wrong Road Name""]",PASS,Correct,Correct,PASS,null,null,PASS,Correct,UV,FAIL,Correct,Correct,PASS,Fail,Right,Yes,Address
Practice2,"Continuum Private Assessoria de InvestimentosS2 Leste, Setor de Autarquias Sul, Setor de Autarquias Sul, Brasília, Região Geográfica Imediata do Distrito Federal, Região Integrada de Desenvolvimento do Distrito Federal e Entorno, Região Geográfica Intermediária do Distrito Federal, Distrito Federal, Região Centro-Oeste, 70070-120, BrasilopenService, Financial Service, Financial Planner",Correct,UV,FAIL,null,null,PASS,Correct,Correct,PASS,null,null,PASS,null,null,PASS,null,null,PASS,null,null,PASS,Wrong,UV,FAIL,"[""Minor Mistake"",""Major Mistake"",""Word Missing""]",null,FAIL,"[""Missing Floor/Room Number"",""Missing Building Name""]",null,FAIL,"[""Other Information"",""Repetition""]",null,FAIL,"[""Wrong Province/City/District/Town""]",null,FAIL,Correct,Correct,PASS,null,null,PASS,UV,UV,PASS,Correct,Correct,PASS,Fail,Right,Yes,"Status,Address"
Practice2,"Asssociação Comunitária do Bairro SiderurgiaRua da Fiel, Siderurgia, Ouro Branco, Região Geográfica Imediata de Conselheiro Lafaiete, Minas Gerais, Região Sudeste, 36420000, BrasilopenOffice and Industrial, Community Center",Correct,UV,FAIL,null,null,PASS,Correct,UV,FAIL,null,null,PASS,null,null,PASS,null,null,PASS,null,null,PASS,UV,UV,PASS,null,null,PASS,null,null,PASS,null,null,PASS,null,null,PASS,Correct,UV,FAIL,null,null,PASS,UV,UV,PASS,Correct,UV,FAIL,Fail,Right,Yes,"Status,Name,Catergory,Tel"
Practice2,"BARROS DISTRIBUIDORA DE PEÇAS AUTOMOTIVASManaus, Amazonas, BrazilopenOffice and Industrial, Company",UV,UV,PASS,null,null,PASS,Correct,Correct,PASS,null,null,PASS,null,null,PASS,null,null,PASS,null,null,PASS,Wrong,Wrong,PASS,"[""Word Missing"",""Others""]","[""Word Missing"",""Major Mistake""]",FAIL,"[""Missing Province/City/District/Town"",""Missing Road Name"",""Missing House Number""]","[""Missing House Number"",""Missing Road Name""]",FAIL,null,null,PASS,null,"[""Wrong Province/City/District/Town""]",FAIL,Correct,Correct,PASS,null,null,PASS,UV,UV,PASS,UV,UV,PASS,Fail,Right,Yes,Address
Practice2,"Carol Centro Integrado de EstéticaRua Voluntários da Pátria, Botafogo, Rio de Janeiro, Região Geográfica Imediata do Rio de Janeiro, Região Metropolitana do Rio de Janeiro, Região Geográfica Intermediária do Rio de Janeiro, Rio de Janeiro, Região Sudeste, 22260-005, BrasilopenHealth, Clinic, Orthopedic Surgeon",UV,UV,PASS,null,null,PASS,Correct,Wrong,FAIL,null,"[""Minor Mistake""]",FAIL,null,"[""Other Information""]",FAIL,null,null,PASS,null,null,PASS,Wrong,Wrong,PASS,"[""Minor Mistake"",""Word Missing""]","[""Word Missing"",""Minor Mistake""]",FAIL,"[""Missing House Number"",""Missing Floor/Room Number""]","[""Missing Floor/Room Number"",""Missing House Number""]",FAIL,"[""Other Information""]","[""Other Information"",""Repetition""]",FAIL,null,null,PASS,Wrong,Correct,FAIL,"[""L3 Wrong""]",null,FAIL,UV,UV,PASS,Correct,Correct,PASS,Fail,Right,Yes,"Name,Address,Catergory"
Practice2,"Atual Card Chapecó2027, Avenida São Pedro - E, Jardim América, Chapecó, Região Geográfica Imediata de Chapecó, Região Geográfica Intermediária de Chapecó, Santa Catarina, 89803-402, BrasilopenService, Print/copy Store",Correct,Correct,PASS,null,null,PASS,Correct,Correct,PASS,null,null,PASS,null,null,PASS,null,null,PASS,null,null,PASS,Wrong,Wrong,PASS,"[""Minor Mistake""]","[""Major Mistake""]",FAIL,null,null,PASS,"[""Other Information""]",null,FAIL,null,"[""Wrong House Number""]",FAIL,Correct,Correct,PASS,null,null,PASS,Wrong,UV,FAIL,Correct,Correct,PASS,Fail,Fail,Yes,BH
Practice2,"Rodrigo Porta PhotographyRua Rangel Pestana, Cidade Alta, Piracicaba, Piracicaba, Região Imediata de Piracicaba, Região Metropolitana de Piracicaba, Região Geográfica Intermediária de Campinas, São Paulo, Região Sudeste, 13419100, BrasilopenService, Photography Service, Photographer",UV,UV,PASS,null,null,PASS,Correct,Correct,PASS,null,null,PASS,null,null,PASS,null,null,PASS,null,null,PASS,Wrong,Wrong,PASS,"[""Minor Mistake"",""Major Mistake""]","[""Minor Mistake"",""Major Mistake""]",PASS,null,null,PASS,"[""Other Information"",""Repetition""]","[""Other Information"",""Repetition""]",PASS,"[""Wrong Road Name"",""Wrong Province/City/District/Town""]","[""Wrong Province/City/District/Town"",""Wrong Road Name""]",FAIL,Correct,Correct,PASS,null,null,PASS,Correct,Correct,PASS,Correct,Correct,PASS,Fail,Right,Yes,Address
Practice2,"Oficina Dois IrmãosRua Carlos Kampfert, Santa Cecília, Região Geográfica Imediata de Curitibanos, Região Geográfica Intermediária de Lages, Santa Catarina, 89540-000, BrasilopenService, Automotive Service, Automotive Repair",UV,UV,PASS,null,null,PASS,Correct,Correct,PASS,null,null,PASS,null,null,PASS,null,null,PASS,null,null,PASS,Wrong,Wrong,PASS,"[""Minor Mistake"",""Word Missing""]","[""Word Missing"",""Minor Mistake"",""Major Mistake""]",FAIL,"[""Missing House Number"",""Missing Province/City/District/Town""]","[""Missing House Number""]",FAIL,"[""Other Information""]","[""Other Information""]",PASS,null,"[""Wrong Province/City/District/Town"",""Wrong Road Name""]",FAIL,Correct,Correct,PASS,null,null,PASS,UV,Wrong,FAIL,Correct,UV,FAIL,Fail,Fail,Yes,"BH,Tel"
Practice2,"SERVTECH assistência técnicaRua do Acripreste, Jardim Santo Antoninho, Cidade Ademar, São Paulo, Região Imediata de São Paulo, Região Metropolitana de São Paulo, Região Geográfica Intermediária de São Paulo, São Paulo, Região Sudeste, 04368-110, BrasilopenShopping, Furniture and Home Store, Home Appliance Store",UV,UV,PASS,null,null,PASS,Correct,Correct,PASS,null,null,PASS,null,null,PASS,null,null,PASS,null,null,PASS,Wrong,Wrong,PASS,"[""Minor Mistake"",""Major Mistake"",""Word Missing""]","[""Word Missing"",""Minor Mistake"",""Major Mistake""]",FAIL,"[""Missing House Number""]","[""Missing House Number""]",PASS,"[""Other Information""]","[""Other Information""]",PASS,"[""Wrong Road Name"",""Wrong Province/City/District/Town""]","[""Wrong Road Name""]",FAIL,Correct,Correct,PASS,null,null,PASS,UV,UV,PASS,UV,UV,PASS,Fail,Fail,Yes,Address